recipient_type,number_of_forms_1042s,u_s_tax_withheld,total_u_s_source_income,interest_income,country,year,tax_haven,afchange,cayman,share_of_total_interest,share_of_total_income,share_of_total_forms,non_int_income,share_of_nonint_inc
Individuals,68903,16853,194458,119441,Argentina,2015,0,0,0,0.07231634381701647,0.01728448875838923,0.019233678742881198,75017,0.00781525750959392
Corporations,1537,2067,28755,15027,Argentina,2015,0,0,0,8.174060723887899e-5,7.733288047184186e-5,0.002783053971691434,13728,7.302266014210333e-5
Individuals,135290,33406,242342,12613,Australia,2015,0,0,0,0.007636624312958104,0.021540680119540277,0.037765037765037764,229729,0.023933125723789295
Corporations,17523,364911,6173334,2017379,Australia,2015,0,0,0,0.010973699640045414,0.016602389161354803,0.031728988123584254,4155955,0.022106562465827144
Individuals,16373,5445,45267,2028,Austria,2015,0,0,0,0.0012278660197160892,0.004023578112631033,0.004570381870995368,43239,0.004504631209690224
Corporations,1707,7673,326085,181331,Austria,2015,0,0,0,9.863649465118231e-4,8.769637394769797e-4,0.003090873864461469,144754,7.699826738206604e-4
Individuals,2459,3385,17695,4157,Bahamas,2015,0,0,0,0.0025168831577710962,0.0015728282126716178,6.864086618687846e-4,13538,0.0014103863946156535
Corporations,16508,82328,859898,448002,Bahamas,2015,0,0,0,0.00243694386931738,0.0023125852635011604,0.029891122293221987,411896,0.0021909776822473625
Individuals,1459,604,3866,549,Barbados,2015,0,0,0,3.323956828521366e-4,3.436311879168395e-4,4.072672784329226e-4,3317,3.455644608465152e-4
Corporations,1376,6441,5681467,258599,Barbados,2015,0,0,0,0.0014066706123222778,0.015279576018630288,0.002491530426185695,5422868,0.02884558908504426
Individuals,25150,9172,81930,5665,Belgium,2015,0,0,0,0.003429911736534342,0.007282385728408344,0.0070204057934119286,76265,0.00794527392416626
Corporations,2382,58458,2192640,1230623,Belgium,2015,0,0,0,0.006694075417723496,0.0058968237537047235,0.0043130999092836665,962017,0.005117208656900191
Individuals,5809,3625,180778,163735,Bermuda,2015,1,0,0,0.09913443922002657,0.016068535667157373,0.0016215322963789222,17043,0.0017755366615035148
Corporations,10451,201715,6757445,5700642,Bermuda,2015,1,0,0,0.031009112845641684,0.018173280698314916,0.0189236805843508,1056803,0.005621399060763055
Individuals,52799,21847,172091,51526,Brazil,2015,0,0,0,0.03119675765872348,0.015296387677133167,0.014738385904030076,120565,0.012560439922206845
Corporations,1850,66126,447576,181946,Brazil,2015,0,0,0,9.89710289790715e-4,0.001203698185013566,0.0033498047154386164,265630,0.0014129523028516104
Individuals,2363,5138,35318,15917,British Virgin Islands,2015,1,0,0,0.009637052976243093,0.003139256672231489,6.596110890589418e-4,19401,0.0020211926755752912
Corporations,92750,361373,3678208,1833205,British Virgin Islands,2015,1,0,0,0.009971869960294746,0.009892068148654929,0.16794291208482792,1845003,0.009814031689259985
Individuals,414,28,173,33,Brunei,2015,0,0,0,1.9980068368161215e-5,1.537718456016897e-5,1.1556453274244686e-4,140,1.4585174711640678e-5
Corporations,33,25,1104,884,Brunei,2015,0,0,0,4.808590989496841e-6,2.9690662507707672e-06,5.975327330241856e-5,220,1.1702349381747329e-6
Individuals,425624,120626,1566107,29613,Canada,2015,0,0,0,0.017929386805647214,0.13920414092469677,0.11880927218350532,1536494,0.16007166738134024
Corporations,46100,471173,21581656,6365234,Canada,2015,0,0,0,0.034624215903211464,0.05804109281281199,0.08347351209822713,15216422,0.08093994844732111
Individuals,1505,14091,270790,256263,Cayman Islands,2015,1,0,1,0.15515612909788176,0.024069293682359275,4.2010778207097224e-4,14527,0.001513420235971458
Corporations,106553,2426661,58966566,44590219,Cayman Islands,2015,1,0,1,0.24255217794467288,0.1585830081833759,0.19293607667250318,14376347,0.0764713797396523
Individuals,19534,7409,59349,25396,Chile,2015,0,0,0,0.015376176250843098,0.00527526315873681,0.005452747784036128,33953,0.003537217407030971
Corporations,9987,152502,911056,188898,Chile,2015,0,0,0,0.0010275262677986133,0.0024501681360164966,0.018083513347613763,722158,0.0038413387385563126
Individuals,207200,20801,576421,34639,China,2015,0,0,0,0.02097241176377989,0.05123544567258472,0.0578380946479106,541782,0.05644275089730078
Corporations,2109,45426,1364772,540991,China,2015,0,0,0,0.0029427652126684223,0.003670379062678371,0.0038187773756000226,823781,0.0043818968527478165
Individuals,25234,8248,51760,12904,Colombia,2015,0,0,0,0.007812812188568252,0.0046007114036667384,0.0070438536696205405,38856,0.004048011061396501
Corporations,3200,74788,367095,82233,Colombia,2015,0,0,0,4.473131932571196e-4,9.872548689553395e-4,0.005794256805083012,284862,0.001515252113446958
Individuals,1535,569,4276,309,Cyprus,2015,0,0,0,1.8708609472005503e-4,3.800742264698411e-4,4.284820235740481e-4,3967,4.132813434362755e-4
Corporations,775,3652,92862,27823,Cyprus,2015,0,0,0,1.5134550577010247e-4,2.497404258868433e-4,0.001403296569981042,65039,3.4595868247248385e-4
Individuals,9491,1803,15058,716,Czech Republic,2015,0,0,0,4.3350693792737667e-4,0.0013384372549538979,0.002649330870189766,14342,0.0014941469693882186
Corporations,395,1857,129713,6928,Czech Republic,2015,0,0,0,3.768542802628293e-5,3.488464588643374e-4,7.152285743774342e-4,122785,6.531240767444753e-4
Individuals,10198,4470,32151,755,Denmark,2015,0,0,0,4.5711974599883993e-4,0.0028577564207745232,0.0028466838282789203,31396,0.003270829608904791
Corporations,4428,81195,3251739,751097,Denmark,2015,0,0,0,0.004085654147554421,0.008745134530086126,0.008017802854033617,2500642,0.013301539255759729
Individuals,157,89,683,49,East Timor,2015,0,0,0,2.9667374243633322e-5,6.070876910170754e-5,4.382519719943033e-5,634,6.60500054798585e-5
Corporations,229,255,8359,6177,East Timor,2015,0,0,0,3.360030151823754e-5,2.248045723749352e-5,4.14651502613753e-4,2182,1.160660288680576e-5
Individuals,8681,1944,14941,198,Finland,2015,0,0,0,1.198804102089673e-4,0.0013280376561473095,0.002423226349606718,14743,0.0015359230769551322
Corporations,1495,22956,705949,195521,Finland,2015,0,0,0,0.0010635526231418686,0.001898559194443272,0.0027070043511247194,510428,0.0027150939955575114
Individuals,67936,30967,247058,7187,France,2015,0,0,0,0.0043514167079386264,0.021959863948359682,0.018963749025098717,239871,0.02498971745182829
Corporations,8244,94472,21848210,4562754,France,2015,0,0,0,0.024819477117297133,0.05875795557133368,0.01492745409409511,17285456,0.09194565697037302
Individuals,612,349,3058,74,Gabon,2015,0,0,0,4.480378967405848e-5,2.7181173632946073e-4,1.708345266627475e-4,2984,3.1087258099668415e-4
Corporations,238,56,118606,22038,Gabon,2015,0,0,0,1.1987752061824816e-4,3.189756084591645e-4,4.30947849878049e-4,96568,5.1366930686208e-4
Individuals,307681,46337,780961,170145,Germany,2015,0,0,0,0.10301541613638758,0.06941607763753825,0.08588649999692945,610816,0.0636347005476108
Corporations,20672,172570,13782616,4270879,Germany,2015,0,0,0,0.023231798955465247,0.03706657609867137,0.037430898960836255,9511737,0.05059530436422418
Individuals,185,181,768,102,Gibraltar,2015,0,0,0,6.175657495613467e-5,6.826403319196397e-5,5.1641155935634464e-5,666,6.938375969966209e-5
Corporations,300,1643,216759,10343,Gibraltar,2015,0,0,0,5.62616024936265e-5,5.82945499502555e-4,5.432115754765324e-4,206416,0.001097978249992162
Individuals,19098,12449,61488,4242,Greece,2015,0,0,0,0.0025683469702345416,0.005465389157431616,0.005331042140858092,57246,0.005963877939589873
Corporations,617,722,51542,3588,Greece,2015,0,0,0,1.9517222251487176e-5,1.3861559121125622e-4,0.0011172051402300682,47954,2.550793010237779e-4
Individuals,258,1560,9410,4127,Guernsey,2015,0,0,0,0.002498719459254586,8.364121775213294e-4,7.201847692645239e-5,5283,5.503819857256979e-4
Corporations,8183,87630,1085985,574062,Guernsey,2015,0,0,0,0.003122657647751737,0.0029206172213254453,0.014817001073748214,511923,0.002723046273887381
Individuals,57420,32922,160102,30285,Hong Kong,2015,1,0,0,0.018336253652417044,0.014230739898567468,0.016028298236887194,129817,0.013524311611007556
Corporations,3768,47625,777242,534268,Hong Kong,2015,1,0,0,0.002906194899068437,0.002090292564204323,0.006822737387985246,242974,0.001292439381218489
Individuals,5279,1337,12703,381,Hungary,2015,0,0,0,2.306789711596795e-4,0.001129111996923852,0.0014735873631579154,12322,0.0012837037342631173
Corporations,517,2648,1658836,839428,Hungary,2015,0,0,0,0.004566137915306962,0.004461226434024979,9.361346150712241e-4,819408,0.004358635773726734
Individuals,98813,17211,278166,3640,India,2015,0,0,0,0.002203862086669904,0.024724912834473763,0.02758279752144783,274526,0.028600069092056205
Corporations,1535,32929,2704304,60002,India,2015,0,0,0,3.263858332033817e-4,0.007272878386072816,0.0027794325611882574,2644302,0.01406570267038783
Individuals,9886,2164,21315,1993,Indonesia,2015,0,0,0,0.001206675038113494,0.0018945935774566562,0.0027595917166469315,19322,0.002012962469845151
Corporations,205,339,8458,7114,Indonesia,2015,0,0,0,3.8697190383801496e-5,2.2746705026285462e-5,3.7119457657563043e-4,1344,7.149071622303823e-6
Individuals,252294,9516,101798,3628,Ireland,2015,0,0,0,0.0021965966072633,0.00904836204541087,0.07042569619256736,98170,0.010227332867441182
Corporations,13976,919553,20322759,13903122,Ireland,2015,0,0,0,0.07562718006230237,0.05465545096870278,0.025306416596200053,6419637,0.03414765230817831
Individuals,44701,16951,159265,41953,Israel,2015,0,0,0,0.025400721462105074,0.014156342768643413,0.012477898980966465,117312,0.012221542969799937
Corporations,4855,46001,513352,280800,Israel,2015,0,0,0,0.0015274347848989963,0.001380594291635575,0.008790973996461882,232552,0.0012370021606473204
Individuals,64283,10425,362722,12759,Italy,2015,0,0,0,0.007725020979071786,0.03224071178054109,0.017944045551407516,349963,0.036459082125785046
Corporations,3157,33528,735422,275038,Italy,2015,0,0,0,0.0014960919101461901,0.0019778230437267567,0.005716396479264709,460384,0.0024488974626210736
Individuals,4295,2253,13937,779,Jamaica,2015,0,0,0,4.716507048120481e-4,0.0012387966544223983,0.0011989122418570271,13158,0.001370798063255486
Corporations,479,364,237673,235696,Jamaica,2015,0,0,0,0.0012820878527833115,6.391910172277542e-4,8.673278155108634e-4,1977,1.0516156694415668e-5
Individuals,175835,18224,795682,26224,Japan,2015,0,0,0,0.01587749432989878,0.07072456049251077,0.04908282515644479,769458,0.0801619954519258
Corporations,8160,92543,29657990,13035120,Japan,2015,0,0,0,0.07090561151471726,0.07976135613650082,0.01477535485296168,16622870,0.08842119657607556
Individuals,413,1949,7418,757,Jersey,2015,0,0,0,4.5833065923327394e-4,6.593523414296728e-4,1.1528539135901099e-4,6661,6.939417768159897e-4
Corporations,4063,64112,2416981,1987858,Jersey,2015,0,0,0,0.01081311772307603,0.006500160068708496,0.007356895437203837,429123,0.0022826123971561633
Individuals,36606,11374,104041,3355,"Korea, Republic of (South)",2015,0,0,0,0.002031306950763057,0.009247732131933755,0.010218249482053163,100686,0.010489449292973237
Corporations,1447,114215,1177615,422963,"Korea, Republic of (South)",2015,0,0,0,0.0023007421614146518,0.003167044341396211,0.0026200904990484743,754652,0.00401418243892472
Individuals,2025,998,4342,467,Kuwait,2015,0,0,0,0.00028274824024034203,3.859406668222755e-4,5.652613014576204e-4,3875,4.036968000543402e-4
Corporations,609,1663,23489,14459,Kuwait,2015,0,0,0,7.865092434065025e-5,6.317064960539361e-5,0.0011027194982173606,9030,4.803282496235381e-5
Individuals,196,108,778,14,Libya,2015,0,0,0,8.4763926410380925e-06,6.915288779081767e-5,5.471171115342894e-5,764,7.959338199781056e-5
Corporations,11,2803,27450,18106,Libya,2015,0,0,0,9.848908196360837e-5,7.382325052867532e-5,1.9917757767472854e-5,9344,4.970306937411229e-5
Individuals,117,102,433,65,Liechtenstein,2015,0,0,0,3.9354680119105426e-5,3.8487404130365104e-5,3.265954186199585e-5,368,3.833817352774121e-5
Corporations,539,6321,46756,3900,Liechtenstein,2015,0,0,0,2.121437201248606e-5,1.2574425871470833e-4,9.759701306061698e-4,42856,2.2796176595643797e-4
Individuals,1869,318,2890,58,Lithuania,2015,0,0,0,3.511648379858638e-5,2.568789790687186e-4,5.21715245641626e-4,2832,2.9503724845261715e-4
Corporations,131,175,119269,116464,Lithuania,2015,0,0,0,6.335155441185068e-4,3.2075866183258936e-4,2.372023879580858e-4,2805,1.4920495461727844e-5
Individuals,2064,2965,40703,3101,Luxembourg,2015,0,0,0,0.0018775209699899373,0.003617904873714205,5.761478154116191e-4,37602,0.0039173695679079485
Corporations,16249,1182557,30296091,23445986,Luxembourg,2015,0,0,0,0.12753637671885643,0.08147744684635869,0.02942214963306058,6850105,0.03643741909620649
Individuals,44961,5342,26466,5323,Malaysia,2015,0,0,0,0.003222845573446126,0.002352442581326196,0.012550475740659789,21143,0.002202673920915849
Corporations,294,1524,25177,4455,Malaysia,2015,0,0,0,2.4233340337339846e-5,6.771030887287645e-5,5.323473439670017e-4,20722,1.1022549267662188e-4
Individuals,2467,22173,79725,1058,Malta,2015,0,0,0,6.405731010155929e-4,0.0070863932893611035,6.886417929362715e-4,78667,0.008195513850290265
Corporations,770,4506,151550,43221,Malta,2015,0,0,0,2.351041981414513e-4,4.0757426657999073e-4,0.0013942430437230997,108329,5.762290028069574e-4
Individuals,447,199,1246,91,Mauritius,2015,0,0,0,5.5096552166747596e-5,1.1075128301717072e-4,1.247761983958303e-4,1155,1.2032769137103559e-4
Corporations,349,7181,100297,49358,Mauritius,2015,0,0,0,2.6848691635699665e-4,2.6973590376227867e-4,6.31936132804366e-4,50939,2.7095726143492146e-4
Individuals,220510,107199,1097243,148515,Mexico,2015,0,0,0,0.08991938950598373,0.09752894866100277,0.06155346646144192,948728,0.0988383116701817
Corporations,6270,144350,3146091,322653,Mexico,2015,0,0,0,0.0017550976340883757,0.008461007798871063,0.011353121927459527,2823438,0.015018571788046324
Individuals,910,4377,20806,2849,Monaco,2015,0,0,0,0.0017249459024512516,0.0018493508783750032,2.540186589266344e-4,17957,0.0018707570164066547
Corporations,87,2676,11782,2717,Monaco,2015,0,0,0,1.477934583536529e-5,3.168617623784527e-5,1.5753135688819438e-4,9065,4.821899870251797e-5
Individuals,44498,15013,124753,21229,Netherlands,2015,0,0,0,0.012853238526899832,0.011088727777079532,0.012421233280128986,103524,0.010785111620342068
Corporations,9495,90780,17129090,5503091,Netherlands,2015,0,0,0,0.029934517869888187,0.04606648824765855,0.017192646363832248,11625999,0.06184159191356594
Individuals,26758,6671,48277,1922,New Zealand,2015,0,0,0,0.0011636876182910866,0.004291123346885996,0.007469265137976794,46355,0.004829255526843598
Corporations,3071,10131,99605,20816,New Zealand,2015,0,0,0,1.1323035072100253e-4,2.6787485861233903e-4,0.0055606758276281025,78789,4.190983661084047e-4
Individuals,19102,10031,69873,579,Norway,2015,0,0,0,3.505593813686468e-4,0.006210693738570441,0.005332158706391835,69294,0.0072190364033459225
Corporations,1652,38667,845654,313792,Norway,2015,0,0,0,0.001706897492959494,0.002274277854374368,0.002991285075624105,531862,0.0028291067940340443
Individuals,556,185,1406,501,Oman,2015,0,0,0,3.033337652257203e-4,1.2497295659882988e-4,1.5520260919033924e-4,905,9.42827365288201e-5
Corporations,39,28,27826,574,Oman,2015,0,0,0,3.1223203936325637e-6,7.483445425176393e-5,7.06175048119492e-5,27252,1.4496019334153554e-4
Individuals,5162,3103,24312,9087,Panama,2015,0,0,0,0.005501784280650938,0.0021609833007331094,0.0014409278212959196,15225,0.0015861377498909237
Corporations,22347,38807,449914,309888,Panama,2015,0,0,0,0.0016856613626167387,0.0012099859358236222,0.0404638302572469,140026,7.448332611493416e-4
Individuals,9307,2570,21787,9214,Peru,2015,0,0,0,0.005578677271037499,0.001936547514522551,0.0025979688556375673,12573,0.0013098528689247017
Corporations,799,51133,262771,75886,Peru,2015,0,0,0,4.127881627024403e-4,7.066888657439178e-4,0.0014467534960191646,186885,9.940879837308408e-4
Individuals,23041,14059,64830,4569,Philippines,2015,0,0,0,0.0027663312840645027,0.005762444364368521,0.0064316966157456955,60261,0.006277980094986992
Corporations,496,3034,103151,33189,Philippines,2015,0,0,0,1.8053430582625637e-4,2.7741137031997773e-4,8.981098047878668e-4,69962,3.72145348839003e-4
Individuals,33120,19217,90917,3811,Poland,2015,0,0,0,0.002307395168214012,0.008081199356398162,0.009245162619395748,87106,0.0090746873459440925
Corporations,552,5326,67851,4404,Poland,2015,0,0,0,2.3955921626407336e-5,0.00018247655270022401,9.995092988768195e-4,63447,3.37490436919874e-4
Individuals,10511,6516,37807,1717,Portugal,2015,0,0,0,0.0010395690117616003,0.0033604925818861743,0.002934055081294345,36090,0.003759849681022229
Corporations,487,1371,1363525,1342418,Portugal,2015,0,0,0,0.00730219355083526,0.003667025416288234,0.00088181345752357085,21107,1.1227340381842767e-4
Individuals,725,572,2733,455,Puerto Rico,2015,0,0,0,2.75482760833738e-4,2.4292396186671554e-4,2.0237750299099993e-4,2278,2.373216285222676e-4
Corporations,6409,6140,626558,563797,Puerto Rico,2015,0,0,0,0.00306682033269836,0.0016850472934333608,0.01160480995743032,62761,3.338414316126564e-4
Individuals,22910,3349,69728,10466,Russia,2015,0,0,0,0.00633670895579319,0.006197805346887062,0.006395129094515598,59262,0.006173904455437499
Corporations,573,5353,207110,39037,Russia,2015,0,0,0,2.1234498467985087e-4,5.569957528959544e-4,0.0010375341091601769,168073,8.94022258017463e-4
Individuals,5964,2870,16063,3787,Saudi Arabia,2015,0,0,0,0.002292864209400804,0.0014277671421386944,0.0016647992108114807,12276,0.0012789114625721498
Corporations,463,8029,218993,137532,Saudi Arabia,2015,0,0,0,7.4811666964647e-4,5.889535556657994e-4,8.383565314854483e-4,81461,4.333114013575087e-4
Individuals,1339,666,3904,535,Senegal,2015,0,0,0,3.239192902110985e-4,3.4700883539248354e-4,3.7377031242061915e-4,3369,3.50981811453696e-4
Corporations,222,1852,487921,16119,Senegal,2015,0,0,0,8.768063140237509e-5,0.001312200882375293,4.019765658526339e-4,471802,0.002509632655912342
Individuals,85217,26510,109836,10621,Singapore,2015,0,0,0,0.006430554731461827,0.009762823371969473,0.023787591272253848,99215,0.010336200778681642
Corporations,4373,55235,1369052,1071725,Singapore,2015,0,0,0,0.0058297366269440066,0.0036818895731433156,0.007918214065196253,297327,0.0015815565611939945
Individuals,21152,5489,36907,2240,South Africa,2015,0,0,0,0.0013562228225660947,0.0032804956679893414,0.005904398542435353,34667,0.0036116017980603386
Corporations,1816,16730,225570,92092,South Africa,2015,0,0,0,5.009420377881709e-4,6.06641552705038e-4,0.0032882407368846093,133478,7.100028139894863e-4
Individuals,68405,19028,136555,19439,Spain,2015,0,0,0,0.01176947118208139,0.012137753974646667,0.019094666333930137,117116,0.01220112372520364
Corporations,7052,33460,1454464,231186,Spain,2015,0,0,0,0.00125755533540477,0.003911594180580664,0.012769093434201687,1223278,0.006506921157729595
Individuals,199,164,2713,24,Swaziland,2015,0,0,0,1.4530958813208157e-5,2.4114625266900814e-4,5.554913530373653e-5,2689,2.801395342828699e-4
Corporations,13,62,4722,3421,Swaziland,2015,0,0,0,1.860881196274739e-5,1.2699212713894531e-5,2.3539168270649736e-5,1301,6.920343884387852e-6
Individuals,22877,8734,55533,2258,Sweden,2015,0,0,0,0.0013671210416760008,0.004936076243814239,0.0063859174288622145,53275,0.005550179876876123
Corporations,2953,105454,3028667,601722,Sweden,2015,0,0,0,0.0032731165015633685,0.008145211027647778,0.0053470126079406665,2426945,0.012909526509220351
Individuals,39659,25768,649315,20502,Switzerland,2015,0,0,0,0.012413071566183069,0.057714662385468865,0.01107046812568285,628813,0.06550962475679221
Corporations,11599,250516,23873314,9889122,Switzerland,2015,0,0,0,0.05379269563714364,0.06420421276399753,0.021002370213174328,13984192,0.07438540936610724
Individuals,105469,27983,153761,39094,Taiwan,2015,0,0,0,0.023669720993481653,0.01366711719743434,0.029440762569596924,114667,0.011945987347569298
Corporations,4695,147038,2887563,2189351,Taiwan,2015,0,0,0,0.011909155533309838,0.007765729936842744,0.008501261156207732,698212,0.0037139639847857116
Individuals,16510,4320,33485,3537,Thailand,2015,0,0,0,0.002141500055096552,0.002976329624261606,0.004608624240526081,29948,0.003119977230458679
Corporations,533,1654,28290,15534,Thailand,2015,0,0,0,8.449847560050217e-5,7.60823226760009e-5,9.651058990966391e-4,12756,6.78523494152586e-5
Individuals,5320,1801,11474,2425,Trinidad and Tobago,2015,0,0,0,0.0014682322967512409,0.0010198717667247326,0.0014850321598787856,9049,9.427231854688322e-4
Corporations,890,4652,92215,74046,Trinidad and Tobago,2015,0,0,0,4.027793307786007e-4,2.480004024590818e-4,0.0016115276739137126,18169,9.6645448144076e-5
Individuals,9704,4410,31167,2018,Turkey,2015,0,0,0,0.0012218114535439192,0.002770293128247319,0.0027087879848616044,29149,0.003036737554782958
Corporations,322,1655,47249,27477,Turkey,2015,0,0,0,1.4946341020181527e-4,1.2707011891546012e-4,5.83047091011478e-4,19772,1.0517220544359463e-4
Individuals,10263,4803,21190,1804,United Arab Emirates,2015,0,0,0,0.0010922437374594799,0.001883482894970985,0.002864828018202251,19386,0.0020196299782847585
Corporations,871,18704,294241,74685,United Arab Emirates,2015,0,0,0,4.0625522403910807e-4,7.913233901205084e-4,0.0015771242741335323,219556,0.0011678731912995075
Individuals,435042,111407,1229642,108110,United Kingdom,2015,0,0,0,0.06545591488733057,0.10929729466436584,0.12143822573270426,1121532,0.11684100117639852
Corporations,36777,492112,71739842,31453811,United Kingdom,2015,0,0,0,0.1710956019908785,0.19293509394730726,0.06659230703766811,40286031,0.21429145907541078
Individuals,9349,2405,39062,27177,Uruguay,2015,0,0,0,0.016454494486106586,0.0034720438340423133,0.0026096927937418737,11885,0.0012381771531989247
Corporations,2526,3884,64172,47473,Uruguay,2015,0,0,0,2.5823330321762843e-4,1.7258235456925876e-4,0.004573841465512402,16699,8.88261510571812e-5
Individuals,105071,10646,194675,134636,Venezuela,2015,0,0,0,0.08151625711562889,0.017303776903184357,0.029329664298989453,60039,0.0062548521750871045
Corporations,4072,1465,46022,36288,Venezuela,2015,0,0,0,1.9739157220233184e-4,1.237702599574024e-4,0.007373191784468132,9734,5.1777576764512956e-5
Individuals,3845,1382,8751,211,Vietnam,2015,0,0,0,1.2775134623278837e-4,7.778366594568707e-4,0.0010732986193108893,8540,8.896956574100814e-4
Corporations,61,30,141,9,Vietnam,2015,0,0,0,4.895624310573706e-8,3.79201396158223e-7,1.1045302034689491e-4,132,7.021409629048397e-7
Individuals,73350,19517,216042,128260,Argentina,2016,0,0,0,0.08737729811627189,0.017313626990159117,0.019409583491772162,87782,0.007972744696969491
Corporations,1554,3512,58347,16709,Argentina,2016,0,0,0,7.19901999920414e-5,1.123841834444559e-4,0.0024942939414659515,41638,1.4504302250959862e-4
Individuals,150077,41120,293310,10831,Australia,2016,0,0,0,0.007378633368917362,0.023505892060264072,0.03971277521056157,282479,0.025655976729343655
Corporations,17353,301211,5238197,1981138,Australia,2016,0,0,0,0.008535670646467946,0.010089473195986059,0.02785294901303646,3257059,0.011345734229600144
Individuals,16010,6702,63620,6431,Austria,2016,0,0,0,0.004381127430108721,0.005098513016514951,0.004236502136377264,57189,0.00519415479796528
Corporations,1610,17438,657689,262886,Austria,2016,0,0,0,0.0011326360473462084,0.0012667976284196404,0.002584178407825085,394803,0.0013752682745534625
Individuals,2531,9635,37930,3581,Bahamas,2016,0,0,0,0.0024395610833803966,0.0030397139062623714,6.697430922655125e-4,34349,0.003119726226290185
Corporations,17012,87295,1499236,628883,Bahamas,2016,0,0,0,0.002709522589119335,0.0028877305371404235,0.027305616816099592,870353,0.0030318130018323814
Individuals,1448,787,4405,759,Barbados,2016,0,0,0,5.170697744444906e-4,3.530171304267268e-4,3.8316396586347774e-4,3646,3.3114564677440435e-4
Corporations,1363,12461,3765511,480000,Barbados,2016,0,0,0,0.002068064874988322,0.00725288153608783,0.0021877237079910503,3285511,0.011444844755476581
Individuals,25951,10468,108316,4598,Belgium,2016,0,0,0,0.0031323937060550302,0.008680454823904957,0.00686704977770933,103718,0.009420121829991133
Corporations,2854,22869,2718466,1428355,Belgium,2016,0,0,0,0.006154022509404051,0.005236131791377727,0.004580897624802976,1290111,0.004494010250561525
Individuals,5064,7042,198419,165934,Bermuda,2016,1,0,0,0.11304276146597116,0.015901318048159068,0.0013400154165280741,32485,0.002950429603803216
Corporations,10921,353160,8903580,6946120,Bermuda,2016,1,0,0,0.029927139144695587,0.017149494713222423,0.017529076019787423,1957460,0.006818673203363248
Individuals,64775,22776,148079,40330,Brazil,2016,0,0,0,0.027474866934580115,0.01186706552927566,0.017140501304424564,107749,0.009786234858556033
Corporations,3438,57167,611859,176185,Brazil,2016,0,0,0,7.590875208329531e-4,0.0011785228734663537,0.005518264202548225,435674,0.001517639506913081
Individuals,1505,2307,20958,12951,British Virgin Islands,2016,1,0,0,0.008822886230343344,0.00167957616787363,3.982470777793743e-4,8007,7.272307168740142e-4
Corporations,101380,375659,3850290,2164561,British Virgin Islands,2016,1,0,0,0.009325942862228327,0.007416177312875625,0.1627229857051597,1685729,0.005872117519863662
Individuals,420,38,643,70,Brunei,2016,0,0,0,4.768759448104656e-5,5.153008282959939e-5,1.111387193802905e-4,573,5.204236302845137e-5
Corporations,34,39,1184,1035,Brunei,2016,0,0,0,4.459264886693569e-6,2.2805435274861737e-6,5.457271171804527e-5,149,5.190309417822709e-7
Individuals,443955,145725,1585839,29428,Canada,2016,0,0,0,0.020047864719831977,0.12708929241743247,0.11747759562494493,1556411,0.14136004586993897
Corporations,54369,448138,26294913,9944444,Canada,2016,0,0,0,0.042845323620184096,0.05064754531077876,0.08726658127642363,16350469,0.05695570015873708
Individuals,1740,19197,103293,87955,Cayman Islands,2016,1,0,1,0.05991946246543501,0.008277911113091462,4.6043183743263205e-4,15338,0.0013930641607860159
Corporations,119696,2320713,64669936,50953319,Cayman Islands,2016,1,0,1,0.21953076934994809,0.12456301010789282,0.19212162652362197,13716617,0.04778086335286381
Individuals,17793,7924,52881,18399,Chile,2016,0,0,0,0.012534343583668225,0.004237888507172699,0.004708312461746449,34482,0.003131805867272356
Corporations,7552,126695,1319580,156369,Chile,2016,0,0,0,6.737109092438519e-4,0.0025416888750001733,0.012121562320431703,1163211,0.004051963092761726
Individuals,260084,28232,737948,71540,China,2016,0,0,0,0.04873672155962959,0.059139224827274045,0.06882238736024637,666408,0.060526085621403526
Corporations,3038,49477,1473313,963657,China,2016,0,0,0,0.004151885819242961,0.002837799346377734,0.004876232299982986,509656,0.0017753505615099668
Individuals,24519,7956,49524,13241,Colombia,2016,0,0,0,0.009020449121764822,0.003968858199149425,0.006488119667822245,36283,0.0032953805545572444
Corporations,3366,58518,422309,99499,Colombia,2016,0,0,0,4.2868830624263134e-4,8.134240342476002e-4,0.005402698460086482,322810,0.001124485760514999
Individuals,1812,1377,10209,3778,Cyprus,2016,0,0,0,0.002573767599277056,8.181502575542461e-4,4.7948418932639616e-4,6431,5.840915124537011e-4
Corporations,1484,7645,170944,48076,Cyprus,2016,0,0,0,2.0713393110403868e-4,3.2926117631976057e-4,0.0023819383585170347,122868,4.280019715094232e-4
Individuals,10581,1988,21929,723,Czech Republic,2016,0,0,0,4.925447258542381e-4,0.001757392202753165,0.002799901880387747,21206,0.0019260215538941356
Corporations,483,1028,124705,7680,Czech Republic,2016,0,0,0,3.308903799981315e-5,2.4019863225942847e-4,7.752535223475254e-4,117025,4.0764829504745135e-4
Individuals,9062,5596,50328,710,Denmark,2016,0,0,0,4.8368845830775803e-4,0.004033290837710852,0.00239795017862903,49618,0.004506523505664398
Corporations,4398,62125,3538220,1059250,Denmark,2016,0,0,0,0.004563745247565375,0.006815088445795718,0.007059140768704797,2478970,0.008635316333892591
Individuals,282,139,1177,256,East Timor,2016,0,0,0,1.744003455306846e-4,9.432489500845798e-5,7.462171158390934e-5,921,8.364924319232759e-5
Corporations,313,1127,157430,153134,East Timor,2016,0,0,0,6.597730136801285e-4,3.032313914967469e-4,5.023899637572991e-4,4296,1.4964811583198897e-5
Individuals,6894,4458,25132,6170,El Salvador,2016,0,0,0,0.00420332082782939,0.0020140809357286032,0.0018242626938279112,18962,0.0017222116714581063
Corporations,269,376,143569,14305,El Salvador,2016,0,0,0,6.163264174314155e-5,2.7653323792032307e-4,4.317664544751229e-4,129264,4.502819842855266e-4
Individuals,8123,2034,43652,311,Finland,2016,0,0,0,2.118691697657926e-4,0.0034982755453774068,0.002149475756014523,43341,0.003936418945926895
Corporations,1813,26438,937010,295013,Finland,2016,0,0,0,0.0012710542145102704,0.001804807509028564,0.0029100095983769433,641997,0.0022363510572576684
Individuals,69814,34893,277038,7306,France,2016,0,0,0,0.004977222361121803,0.02220185239027458,0.018473901320989528,269732,0.02449823850678926
Corporations,9859,69230,37518282,8779516,France,2016,0,0,0,0.03782626803957911,0.0722652661972137,0.015824481318476715,28738766,0.10010945491704903
Individuals,1014,2625,32505,797,Gabon,2016,0,0,0,5.429573257342016e-4,0.002604953876168162,2.683206225038442e-4,31708,0.0028798590696442164
Corporations,191,799,52751,10818,Gabon,2016,0,0,0,4.66090121200493e-5,1.0160553346150605e-4,3.0657023347490135e-4,41933,0.00014607063410574473
Individuals,332418,49891,948332,58708,Germany,2016,0,0,0,0.039994904239904025,0.07599941914457177,0.08796312099751764,889624,0.08079953781295467
Corporations,24205,235239,21954872,5759695,Germany,2016,0,0,0,0.024815464416970547,0.042288041584786676,0.03885095550397899,16195177,0.05641475148080921
Individuals,19739,12702,64980,4006,Greece,2016,0,0,0,0.002729092907015322,0.005207503549404927,0.005223255194875129,60974,0.005537925031931577
Corporations,420,1488,29576,2362,Greece,2016,0,0,0,1.0176602572338367e-5,5.696736095348909e-5,6.741334976935004e-4,27214,9.479804060176323e-5
Individuals,217,311,1817,645,Guernsey,2016,0,0,0,4.3940712057535764e-4,1.4561455754491772e-4,5.742167167981676e-5,1172,1.0644615963236476e-4
Corporations,9185,93791,1148519,634602,Guernsey,2016,0,0,0,0.002734162720411123,0.0022122023409162947,0.014742657562654289,513917,0.001790193453073284
Individuals,57259,36321,182439,34349,Hong Kong,2016,1,0,0,0.023400302611849548,0.01462067928670184,0.015151647459514413,148090,0.013450180699621925
Corporations,4444,117389,1445907,1080817,Hong Kong,2016,1,0,0,0.004656665987479694,0.002785011697801479,0.0071329744374998,365090,0.0012717651445321428
Individuals,6277,1635,115633,377,Hungary,2016,0,0,0,2.568317588479222e-4,0.009266839918872576,0.001660994622738294,115256,0.010468053391286546
Corporations,537,2733,998085,755573,Hungary,2016,0,0,0,0.003255362462061565,0.001922446188032971,8.619278291938326e-4,242512,8.447733674731683e-4
Individuals,103895,22828,163795,5787,India,2016,0,0,0,0.0039424015608830925,0.013126547304936597,0.027492279166703052,158008,0.014350976784292398
Corporations,2243,35516,3902200,242140,India,2016,0,0,0,0.0010432525600618172,0.007516162967024111,0.0036001938936345746,3660060,0.01274955965623905
Individuals,11470,2649,22054,1996,Indonesia,2016,0,0,0,0.0013597776940595563,0.0017674097149673173,0.0030351455030760287,20058,0.001821755179100659
Corporations,254,1082,29340,26957,Indonesia,2016,0,0,0,1.1614338507304207e-4,5.6512793155780695e-5,4.0769025812892643e-4,2383,8.301011639376856e-6
Individuals,227513,8345,117024,5062,Ireland,2016,0,0,0,0.003448494332329396,0.009378314794791663,0.06020357967230484,111962,0.010168877922149166
Corporations,16210,909233,24360343,16782214,Ireland,2016,0,0,0,0.07230564020403597,0.04692130283445365,0.026018342851456287,7578129,0.026397875381325764
Individuals,48868,27792,241670,48047,Israel,2016,0,0,0,0.03273208360044064,0.019367457414353476,0.012931254615895324,193623,0.017585686660833925
Corporations,6858,45133,590161,311259,Israel,2016,0,0,0,0.001341049593591646,0.0011367296019634864,0.011007636969481014,278902,9.715353538587847e-4
Individuals,66679,11970,325491,13268,Italy,2016,0,0,0,0.009038842908207513,0.02608488054477315,0.017644330165615216,312223,0.0283574567396722
Corporations,4586,77590,1822389,529978,Italy,2016,0,0,0,0.0022833935131595018,0.0035101667555000006,0.007360895762910459,1292411,0.004502022137582325
Individuals,4358,2493,17660,800,Jamaica,2016,0,0,0,5.450010797833893e-4,0.0014152741256154358,0.0011531965215697763,16860,0.001531298849318831
Corporations,557,1297,213714,210426,Jamaica,2016,0,0,0,9.06613790383943e-4,4.116419589807265e-4,8.940294243220946e-4,3288,1.1453515010604743e-5
Individuals,198180,21053,735355,18541,Japan,2016,0,0,0,0.012631081275329777,0.05893142155390367,0.052441598587585646,716814,0.06510417872927808
Corporations,12385,166920,51199782,20005854,Japan,2016,0,0,0,0.08619459156571796,0.09861767858851614,0.019878912783176196,31193928,0.10866183776998892
Individuals,374,319,1732,582,Jersey,2016,0,0,0,3.9648828554241574e-4,1.3880264923929415e-4,9.896638344816344e-5,1150,1.0444802353005074e-4
Corporations,4293,75138,795233,366106,Jersey,2016,0,0,0,0.0015773561648384888,0.001531725904555247,0.006890607394281422,429127,0.0014948334963369165
Individuals,35629,18794,159548,2975,"Korea, Republic of (South)",2016,0,0,0,0.002026722765444479,0.01278619230994856,0.009428003411429454,156573,0.014220643815800552
Corporations,2369,289674,2795041,780616,"Korea, Republic of (South)",2016,0,0,0,0.0033632594384455914,0.005383625558790948,0.0038024339429426246,2014425,0.007017106744293631
Individuals,2189,1066,5879,1676,Kuwait,2016,0,0,0,0.0011417772621462006,4.711436344560106e-4,5.792444207701331e-4,4203,3.817348199102637e-4
Corporations,606,1724,38824,28671,Kuwait,2016,0,0,0,1.235281000641462e-4,7.478025499250271e-5,9.726783323863363e-4,10153,3.536725605312346e-5
Individuals,143,81,567,34,Libya,2016,0,0,0,2.3162545890794048e-5,4.54394354033948e-5,3.784008778900367e-5,533,4.840938829697134e-5
Corporations,13,3092,28395,18142,Libya,2016,0,0,0,7.816423533757945e-5,5.469259583021107e-5,2.086603683337025e-5,10253,3.57155989670713e-5
Individuals,102,31,174,66,Liechtenstein,2016,0,0,0,4.496258908212962e-5,1.3944377002099991e-5,2.699083184949912e-5,108,9.80903177499607e-6
Corporations,574,3608,16979,4352,Liechtenstein,2016,0,0,0,1.8750454866560784e-5,3.27038416834356e-5,9.213157801811172e-4,12627,4.398525974419285e-5
Individuals,2321,564,4908,29,Lithuania,2016,0,0,0,1.9756289142147862e-5,3.933275995764756e-4,6.141737325753673e-4,4879,4.4313209287227617e-4
Corporations,164,244,111225,109327,Lithuania,2016,0,0,0,4.7103193455801725e-4,2.1423433601744062e-4,2.6323308005174776e-4,1898,6.611548506729867e-6
Individuals,1979,548,6544,695,Luxembourg,2016,0,0,0,4.7346968806181945e-4,5.244367994353008e-4,5.236750610799879e-4,5849,5.312317301106668e-4
Corporations,18523,1304070,40009141,30447299,Luxembourg,2016,0,0,0,0.13118122833368137,0.07706299623972272,0.02973089232803978,9561842,0.03330799904988774
Individuals,687,220,2165,627,Macau,2016,0,0,0,4.2714459628023137e-4,1.735033115491177e-4,1.8179119098633232e-4,1538,1.3968787842540698e-4
Corporations,46,297,5900,5241,Macau,2016,0,0,0,2.258068335377874e-5,1.1364194942709819e-5,7.383366879500242e-5,659,2.295579802916218e-6
Individuals,45722,6853,30520,3542,Malaysia,2016,0,0,0,0.002412992280740956,0.0024458757822074235,0.012098772684537244,26978,0.002450259807646703
Corporations,337,2700,33327,7077,Malaysia,2016,0,0,0,3.049103150060907e-5,6.419229234842205e-5,5.409118779112134e-4,26250,9.144001491130611e-5
Individuals,2077,1516,9073,2222,Malta,2016,0,0,0,0.001513740499098364,7.2711110655203e-4,5.49607428935389e-4,6851,6.222377471342414e-4
Corporations,941,6439,107492,49597,Malta,2016,0,0,0,2.1368711167665791e-4,2.070440750477566e-4,0.0015103800507847234,57895,2.016731300300978e-4
Individuals,589,246,1449,119,Mauritius,2016,0,0,0,8.106891061777916e-5,1.1612300158645338e-4,1.558588231309312e-4,1330,1.2079640982171086e-4
Corporations,424,3474,112724,72418,Mauritius,2016,0,0,0,3.1201067107688394e-4,2.1712161198678332e-4,6.805538167191528e-4,40306,1.404030948958135e-4
Individuals,228225,187774,970848,133031,Mexico,2016,0,0,0,0.09062754830583009,0.0778038535846826,0.06039198626325428,837817,0.07609419976511002
Corporations,6838,111972,6185168,331757,Mexico,2016,0,0,0,0.0014293645806906265,0.011913466933120441,0.010975535374352752,5853411,0.02038994244274298
Individuals,951,3039,14841,2253,Monaco,2016,0,0,0,0.0015348592909399702,0.0011893591901618733,2.5164981459680066e-4,12588,0.001143297147996764
Corporations,79,1055,7047,3194,Monaco,2016,0,0,0,1.3761248355651458e-5,1.357347148496205e-5,1.2680130075663458e-4,3853,1.3421652474409999e-5
Individuals,43569,16904,132174,7952,Netherlands,2016,0,0,0,0.0054173107330468895,0.01059243727514692,0.011529054439713993,124222,0.011282384677347794
Corporations,9981,137847,17039460,6523853,Netherlands,2016,0,0,0,0.028107815081014977,0.03282029578957733,0.016020301048759112,10515607,0.036630371843102284
Individuals,30329,6547,51628,2367,New Zealand,2016,0,0,0,0.0016125219448091031,0.0041374729647380365,0.008025538619249597,49261,0.004474099206185939
Corporations,3297,103395,1177298,927049,New Zealand,2016,0,0,0,0.003994161404777185,0.0022676345724851497,0.005291947956893978,250249,8.717246587253121e-4
Individuals,19261,9163,66691,2811,Norway,2016,0,0,0,0.0019149975440888843,0.005344623256592245,0.0050967687475804175,63880,0.0058018606461736014
Corporations,1893,26561,1016837,437147,Norway,2016,0,0,0,0.00188343407480525,0.001958565066603428,0.0030384159788899912,579690,0.002019309037864192
Individuals,557,219,1106,156,Oman,2016,0,0,0,1.0627521055776092e-4,8.863494807081949e-5,1.4739111117814717e-4,950,8.628314987265061e-5
Corporations,35,35,29030,209,Oman,2016,0,0,0,9.004699143178319e-7,5.591569138760441e-5,5.617779147445837e-5,28821,1.0039591122890489e-4
Individuals,6155,2923,22299,10070,Panama,2016,0,0,0,0.006860201091773413,0.0017870440389070557,0.001628711470918305,12229,0.001110691199781731
Corporations,23969,42344,498527,323127,Panama,2016,0,0,0,0.0013921824976257323,9.602301715600505e-4,0.0384721566814655,175400,6.109934710644987e-4
Individuals,12855,3101,48312,10470,Peru,2016,0,0,0,0.007132701631665107,0.0038717284007210046,0.003401638661032463,37842,0.003436975744716678
Corporations,893,39132,213841,76878,Peru,2016,0,0,0,3.312264405403171e-4,4.1188657809220516e-4,0.0014333362224768949,136963,4.7710090523037026e-4
Individuals,25392,15493,72152,3481,Philippines,2016,0,0,0,0.0023714359484074726,0.00578226833020413,0.006719129434534134,68671,0.006237000194636621
Corporations,484,4902,132364,35644,Philippines,2016,0,0,0,1.5357105084184112e-4,2.5495089820285464e-4,7.768586021039385e-4,96720,3.369172663703439e-4
Individuals,38030,21400,104321,2711,Poland,2016,0,0,0,0.0018468724091159606,0.008360295133540651,0.01006334642388678,101610,0.009228664061642135
Corporations,829,8928,191432,35412,Poland,2016,0,0,0,1.5257148615226344e-4,3.687238247920044e-4,0.0013306111180664568,156020,5.434846143414087e-4
Individuals,10777,7331,49651,7830,Portugal,2016,0,0,0,0.005334198068379923,0.003979035991559004,0.0028517666160985493,41821,0.0037983659061306537
Corporations,567,3876,1009463,969248,Portugal,2016,0,0,0,0.004175974466568085,0.0019443617490597766,9.100802218862255e-4,40215,1.4008610284412096e-4
Individuals,546,347,2513,95,Puerto Rico,2016,0,0,0,6.471887822427748e-5,2.0139206555331768e-4,1.4448033519437765e-4,2418,2.1961332251796756e-4
Corporations,6744,7385,626665,568791,Puerto Rico,2016,0,0,0,0.0024506181006447554,0.0012070412243683473,0.01082465787724992,57874,2.0159997801816876e-4
Individuals,1025,397,2980,1122,Qatar,2016,0,0,0,7.643640143962035e-4,2.3881749118539065e-4,2.712313984876137e-4,1858,1.687516762772472e-4
Corporations,147,7624,44981,28655,Qatar,2016,0,0,0,1.2345916456831327e-4,8.663946656237803e-5,2.3594672419272514e-4,16326,5.6870464131123186e-5
Individuals,34500,4772,80807,15284,Russia,2016,0,0,0,0.010412245629261654,0.006475880875912035,0.009129251949095292,65523,0.005951085083269143
Corporations,684,2281,186392,41332,Russia,2016,0,0,0,1.7807761961045274e-4,3.5901610572229976e-4,0.0010978745533865577,145060,5.053062309727263e-4
Individuals,5963,3285,18687,4890,Saudi Arabia,2016,0,0,0,0.003331319100175967,0.001497578005966911,0.0015779051992016006,13797,0.001253103809255748
Corporations,461,5985,141729,103347,Saudi Arabia,2016,0,0,0,4.452672929904544e-4,2.7298915000598643e-4,7.399417677064373e-4,38382,1.3370097723145718e-4
Individuals,1809,1198,19309,13792,Senegal,2016,0,0,0,0.009395818615465632,0.0015474251467445328,4.7869034133082264e-4,5517,5.010780398393825e-4
Corporations,257,2175,30908,7003,Senegal,2016,0,0,0,3.0172204832381703e-5,5.953297242191103e-5,4.125054973981657e-4,23905,8.327137357922944e-5
Individuals,86344,27380,114640,10826,Singapore,2016,0,0,0,0.007375227112168716,0.009187260801843351,0.02284800377659953,103814,0.009428840969346685
Corporations,4680,66799,1780544,946340,Singapore,2016,0,0,0,0.004077276070409268,0.0034295676474698834,0.00751177326001329,834204,0.0029058905218693793
Individuals,24570,6604,47038,2704,South Africa,2016,0,0,0,0.0018421036496678559,0.0037696299162343645,0.006501615083746994,44334,0.004026607543635887
Corporations,3432,14748,282045,86861,South Africa,2016,0,0,0,3.7423788147158466e-4,5.432566716299307e-4,0.005508633724009746,195184,6.79909633159938e-4
Individuals,63787,19654,148486,13895,Spain,2016,0,0,0,0.009465987504487744,0.011899682549044938,0.016879060697882357,134591,0.012224142552115704
Corporations,7006,51790,1688980,371833,Spain,2016,0,0,0,0.001602030763878193,0.0032532030464979714,0.011245188773430151,1317147,0.004588188240776461
Individuals,22245,12840,82095,2393,Sweden,2016,0,0,0,0.0016302344799020633,0.00657910132176666,0.005886382887177529,79702,0.007238883801210526
Corporations,3321,99618,4311551,953804,Sweden,2016,0,0,0,0.004109434479215336,0.008304628147361943,0.005330469871047893,3357747,0.011696473742795938
Individuals,42008,32094,1001318,32870,Switzerland,2016,0,0,0,0.022392731865600007,0.08024572236200436,0.011115988866017246,968448,0.0879586778188092
Corporations,13806,462262,40349878,18697607,Switzerland,2016,0,0,0,0.08055805058965786,0.07771930161128104,0.022159731117039207,21652271,0.07542415173728156
Individuals,108423,28739,169121,51581,Taiwan,2016,0,0,0,0.03513962587038376,0.0135533734653572,0.028690460408021992,117540,0.010675496248454056
Corporations,6309,151814,5578133,4884105,Taiwan,2016,0,0,0,0.021043012492197578,0.010744235733620804,0.010126448183210224,694028,0.002417597358813865
Individuals,19127,5265,39980,3511,Thailand,2016,0,0,0,0.00239187348889935,0.003204001106574469,0.005061310203778134,36469,0.0033122738870586263
Corporations,481,8367,116773,83840,Thailand,2016,0,0,0,3.612219981646269e-4,2.2492053153305995e-4,7.720433628346993e-4,32933,1.1471977185043977e-4
Individuals,5201,1665,11123,2238,Trinidad and Tobago,2016,0,0,0,0.0015246405206940316,8.913983068641276e-4,0.0013762678083259307,8885,8.069745122300007e-4
Corporations,846,4519,65353,48401,Trinidad and Tobago,2016,0,0,0,2.0853418336314535e-4,1.258786834052398e-4,0.0013578974739254794,16952,5.905109077243662e-5
Individuals,11487,4514,33233,2035,Turkey,2016,0,0,0,0.0013863464966989965,0.002663295867303385,0.0030396439750509452,31198,0.0028335386418178463
Corporations,388,4560,88746,57751,Turkey,2016,0,0,0,2.48818363740522e-4,1.709367532857162e-4,6.227709454882813e-4,30995,1.0796888617813078e-4
Individuals,10900,7191,32402,9859,United Arab Emirates,2016,0,0,0,0.006716457056980544,0.0025966994461037005,0.002884314383917063,22543,0.0020474537342938556
Corporations,954,13070,128576,42870,United Arab Emirates,2016,0,0,0,1.847040441473945e-4,2.4765469982268774e-4,0.0015312460876180938,85706,2.9855077782812956e-4
Individuals,437866,135117,1631207,129574,United Kingdom,2016,0,0,0,0.0882724623898161,0.13072508837048574,0.11586634880992924,1501633,0.13638486862391364
Corporations,44205,538564,120217147,30581068,United Kingdom,2016,0,0,0,0.13175756785506118,0.231554422705831,0.07095255063224092,89636079,0.3122409295371814
Individuals,11199,3034,40771,29013,Uruguay,2016,0,0,0,0.019765145409694342,0.0032673919238656248,0.002963434567475889,11758,0.0010679129223185536
Corporations,2590,3353,86524,69775,Uruguay,2016,0,0,0,3.006233888589795e-4,1.666568819022075e-4,0.004157156569109919,16749,5.834395465712252e-5
Individuals,102842,11028,208655,140236,Venezuela,2016,0,0,0,0.09553596428062923,0.016721632088351573,0.027213638520256753,68419,0.006214112453828297
Corporations,3242,1445,72000,62451,Venezuela,2016,0,0,0,2.6906816564144936e-4,1.3868170099578083e-4,0.005203668570291258,9549,3.326326485287856e-5
Individuals,7629,3441,17774,325,Vietnam,2016,0,0,0,2.214066886620019e-4,0.0014244100967547428,0.0020187554527434197,17449,0.0015847944022398743
Corporations,80,162,598,9,Vietnam,2016,0,0,0,3.877621640603104e-8,1.1518285721594019e-6,1.2840638051304768e-4,589,2.0517397631527354e-6
Individuals,851,263,1610,105,Algeria,2017,0,0,0,5.699047933335251e-5,1.1252358889304116e-4,2.0947584024796426e-4,1505,1.2073130602072984e-4
Corporations,13,437,255878,248533,Algeria,2017,0,0,0,9.243638386194402e-4,4.917871291882993e-4,1.9155507355714826e-5,7345,2.9212540281338837e-5
Individuals,72788,25596,249954,131581,Argentina,2017,0,0,0,0.07141775486820816,0.017469392011286465,0.017916953536978638,118373,0.009495898264180633
Corporations,1718,6882,105508,29573,Argentina,2017,0,0,0,1.0999027010293483e-4,2.027820931318796e-4,0.0025314739720860052,75935,3.020087469385248e-4
Individuals,164114,40060,284571,12740,Australia,2017,0,0,0,0.006914844825780105,0.019888788953342618,0.040397083485845364,271831,0.021806320031176753
Corporations,17783,307036,5827157,2706460,Australia,2017,0,0,0,0.010066082792506306,0.011199559213216857,0.026203260562052057,3120697,0.012411638777175393
Individuals,21360,10698,75097,6554,Austria,2017,0,0,0,0.0035572914433408794,0.0052485614627954735,0.005257818974966529,68543,0.005498528842909559
Corporations,2024,28254,1390461,246924,Austria,2017,0,0,0,9.183795169545559e-4,0.002672409599255473,0.0029823651452282156,1143537,0.00454807633433647
Individuals,2909,2399,16375,5760,Bahamas,2017,0,0,0,0.0031263348662867664,0.0011444557565984776,7.16057836993335e-4,10615,8.51536753096377e-4
Corporations,17677,129861,1422851,898601,Bahamas,2017,0,0,0,0.0033421488081955618,0.0027346618644537666,0.02604706950207469,524250,0.002085047548331094
Individuals,1611,692,5515,878,Barbados,2017,0,0,0,4.7654896052079526e-4,3.8544570977957885e-4,3.965517962860992e-4,4637,3.7198077476287327e-4
Corporations,1498,17437,4661372,595775,Barbados,2017,0,0,0,0.002215854095647246,0.00895896776572711,0.0022073038476046773,4065597,0.016169695865240346
Individuals,30983,11229,92153,6221,Belgium,2017,0,0,0,0.003376550208883676,0.006440612600782871,0.007626545192012546,85932,0.0068934768033045565
Corporations,3225,9244,5126082,4072981,Belgium,2017,0,0,0,0.015148557140436263,0.009852121521833904,0.004752039324783101,1053101,0.004188394197796898
Individuals,5679,3934,140067,120336,Bermuda,2017,1,0,0,0.06531434591484103,0.00978934256241093,0.0013979004662375899,19731,0.0015828235209933692
Corporations,11259,282487,9212928,7937382,Bermuda,2017,1,0,0,0.0295213468396907,0.01770687363719624,0.016590142870614864,1275546,0.005073102642028676
Individuals,66009,25826,192592,69337,Brazil,2017,0,0,0,0.03763379871939679,0.013460337287011542,0.016248285239633224,123255,0.009887532972481766
Corporations,2400,39490,309121,138413,Brazil,2017,0,0,0,5.14796715103558e-4,5.941180139043461e-4,0.0035364013579781213,170708,6.789400035870374e-4
Individuals,1443,905,17258,13439,British Virgin Islands,2017,1,0,0,0.00729423858819928,0.0012061690044199405,3.55198163898722e-4,3819,3.0636070278615765e-4
Corporations,95743,360221,4038895,2497885,British Virgin Islands,2017,1,0,0,0.009290333947724931,0.007762592239829044,0.14107736467370804,1541010,0.0061289062898496885
Individuals,503,69,322,38,Brunei,2017,0,0,0,2.0625125853975194e-5,2.250471777860823e-5,1.238147445883972e-4,284,2.2782518877001512e-5
Corporations,30,91,1606,1364,Brunei,2017,0,0,0,5.07309804282295e-6,3.08666680791787e-6,4.4205016974726516e-5,242,9.62482606954935e-7
Individuals,961,314,2066,80,Cameroon,2017,0,0,0,4.3421317587316197e-5,1.4439362400808884e-4,2.3655262335874695e-4,1986,1.5931719186522888e-4
Corporations,13,39,589,23,Cameroon,2017,0,0,0,8.554344207106147e-8,1.1320340908241753e-6,1.9155507355714826e-5,566,2.2510956840350963e-6
Individuals,555439,166454,2136238,50923,Canada,2017,0,0,0,0.027639296943736284,0.14930258788179657,0.13672273940245477,2085315,0.1672842547605437
Corporations,66813,535323,32362726,13373266,Canada,2017,0,0,0,0.049738921972691134,0.06219984567742258,0.09844899330441342,18989460,0.0755248965515143
Individuals,2305,4460,86406,69735,Cayman Islands,2017,1,0,1,0.03784981977439369,0.006038952311734232,5.673816824577645e-4,16671,0.001337349902107367
Corporations,129134,2485671,74146774,60612168,Cayman Islands,2017,1,0,1,0.22543362965693245,0.14250708980073956,0.19027902206714448,13534606,0.053829846557801264
Individuals,NA,NA,NA,NA,Chile,2017,0,0,0,NA,NA,NA,NA,NA
Corporations,7240,138282,997352,264552,Chile,2017,0,0,0,9.839429863818894e-4,0.0019168700586615838,0.010668144096567333,732800,0.002914492786680068
Individuals,322378,30523,817430,95987,China,2017,0,0,0,0.0520985251406715,0.057130532465117165,0.07935417441534456,721443,0.057874256218945784
Corporations,4025,77528,2964539,2107241,China,2017,0,0,0,0.007837419496228942,0.005697723618977605,0.005930839777442474,857298,0.003409646338748975
Individuals,25370,8791,54926,13920,Colombia,2017,0,0,0,0.007555309260193019,0.0038388016419498004,0.0062448907956414255,41006,0.0032895069333462113
Corporations,3423,44461,289064,121935,Colombia,2017,0,0,0,4.535104177797775e-4,5.555692740747019e-4,0.005043792436816296,167129,6.647056017263279e-4
Individuals,2278,1726,18729,11951,Cyprus,2017,0,0,0,0.006486602081075199,0.0013089778238371229,5.60735562966936e-4,6778,5.43732087846184e-4
Corporations,1601,12598,168884,79293,Cyprus,2017,0,0,0,2.949128761800295e-4,3.2458819252079797e-4,0.0023590744058845717,89591,3.5632140181694044e-4
Individuals,13954,2584,24767,1574,Czech Republic,2017,0,0,0,8.543144235304462e-4,0.0017309762273999693,0.0034348130138896513,23193,0.0018605456349094932
Corporations,689,1502,118286,9612,Czech Republic,2017,0,0,0,3.574972022552361e-5,2.2734089043672053e-4,0.0010152418898528857,108674,4.3221832573644883e-4
Individuals,11533,5656,37961,1377,Denmark,2017,0,0,0,7.473894289716801e-4,0.0026531105328998356,0.002838877632878698,36584,0.002934773488014871
Corporations,5241,60851,3387227,1574146,Denmark,2017,0,0,0,0.005854689876625789,0.006510112796876228,0.007722616465484723,1813081,0.0072109873037209124
Individuals,267,127,1116,339,East Timor,2017,0,0,0,1.839978332762524e-4,7.799771751840617e-5,6.572273718708162e-5,777,6.233104636419076e-5
Corporations,316,1192,165914,162044,East Timor,2017,0,0,0,6.026870229114386e-4,3.188799730814978e-4,4.6562617880045265e-4,3870,1.539176730956859e-5
Individuals,8101,4261,79791,6708,Egypt,2017,0,0,0,0.0036408774796964634,0.005576627131282389,0.001994081999822278,73083,0.00586272826439402
Corporations,269,264,13292,10704,Egypt,2017,0,0,0,3.9811174083854003e-5,2.5546684440127227e-5,3.9637165220671443e-4,2588,1.0292995813220547e-5
Individuals,8415,5661,32626,6615,El Salvador,2017,0,0,0,0.0035904001980012084,0.0022802451001393545,0.002071373907974876,26011,0.0020866059806679098
Corporations,348,713,263848,195201,El Salvador,2017,0,0,0,7.260071928570988e-4,5.071051456634584e-4,5.127781969068276e-4,68647,2.7302290710593154e-4
Individuals,9746,2345,36513,15656,Finland,2017,0,0,0,0.00849755185183778,0.0025519091933239825,0.002399002983615346,20857,0.0016731513951324668
Corporations,2259,33966,2519875,299871,Finland,2017,0,0,0,0.0011153042398822294,0.004843097461146976,0.003328637778196907,2220004,0.008829401807315635
Individuals,79713,37924,334380,12067,France,2017,0,0,0,0.006549562991576807,0.023369961275810622,0.019621560110089278,322313,0.025855992981700663
Corporations,10256,72746,34310078,9978297,France,2017,0,0,0,0.03711208136466724,0.06594257717289735,0.015112221803093172,24331781,0.09677238020139074
Individuals,944,769,10311,158,Gabon,2017,0,0,0,8.57571022349495e-5,7.206402019106506e-4,2.3236802960526236e-4,10153,8.144750498528041e-4
Corporations,944,189,354190,18776,Gabon,2017,0,0,0,6.983320297070653e-5,6.807388024261708e-4,0.001390984534138061,335414,0.0013340088476412504
Individuals,208,109,606,17,Gambia,2017,0,0,0,9.227029987304693e-6,4.2353599297629154e-5,5.119973533675272e-5,589,4.724966062871088e-5
Corporations,40,1,11575,9674,Gambia,2017,0,0,0,3.598031559110647e-5,2.2246680138013292e-5,5.894002263296869e-5,1901,7.560658825707982e-6
Individuals,331751,53069,993705,85386,Germany,2017,0,0,0,0.04634465779388226,0.0694504676403475,0.08166136248895697,908319,0.07286547452056034
Corporations,25468,270780,24888662,6775414,Germany,2017,0,0,0,0.025199662392019956,0.04783499806281868,0.037527112410411165,18113248,0.07204002543579036
Individuals,20615,13698,70713,4921,Greece,2017,0,0,0,0.0026709537980897876,0.004942161826952559,0.005074435307534411,65792,0.005277843246322829
Corporations,493,1003,27778,5422,Greece,2017,0,0,0,2.0165936648230233e-5,5.3388188412417556e-5,7.264357789513391e-4,22356,8.891430231853111e-5
Individuals,307,211,34665,32954,Guernsey,2017,0,0,0,0.017886326247155224,0.002422751682594579,7.556884013645714e-5,1711,1.3725665422024502e-4
Corporations,8471,103271,1277229,722826,Guernsey,2017,0,0,0,0.002688392350367699,0.0024547822916625986,0.012482023293096944,554403,0.0022049720857175077
Individuals,67196,43402,218714,52230,Hong Kong,2017,1,0,0,0.028348692719819064,0.015286015044194164,0.016540468344655942,166484,0.013355369270136338
Corporations,5662,96802,2033854,1181525,Hong Kong,2017,1,0,0,0.004394422408391779,0.003908984828113943,0.008342960203696717,852329,0.0033898836276995575
Individuals,7938,1800,22957,1969,Hungary,2017,0,0,0,0.0010687071791178199,0.0016044745529301527,0.0019539591303035725,20988,0.001683660233065168
Corporations,667,7389,734587,335147,Hungary,2017,0,0,0,0.0012465055643386975,0.0014118463950360924,9.82824877404753e-4,399440,0.001588653109595369
Individuals,1697,441,4747,61,Iceland,2017,0,0,0,3.31087546603286e-5,3.317698611647617e-4,4.177209176272566e-4,4686,3.7591156147052495e-4
Corporations,298,132,15357,2822,Iceland,2017,0,0,0,1.049580841411024e-5,2.9515530615936942e-5,4.3910316861561674e-4,12535,4.9854212719752526e-5
Individuals,135863,30357,222130,19508,India,2017,0,0,0,0.010588288293667055,0.015524760745845486,0.033443027125275165,202622,0.01625436457709789
Corporations,2598,65088,4747547,243986,India,2017,0,0,0,9.074522720500003e-4,0.009124592617640138,0.0038281544700113166,4503561,0.017911566660580885
Individuals,14372,2481,21698,1408,Indonesia,2017,0,0,0,7.642151895367651e-4,0.0015164825042243521,0.0035377047897106255,20290,0.0016276665775153546
Corporations,260,812,37172,34350,Indonesia,2017,0,0,0,1.277572710930853e-4,7.14430750833892e-5,3.831101471142965e-4,2822,1.1223660813333995e-5
Individuals,59800,9179,176832,1920,Ireland,2017,0,0,0,0.0010421116220955889,0.012358864143561648,0.014719923909316408,174912,0.014031464583852425
Corporations,17108,1022685,28802662,19429893,Ireland,2017,0,0,0,0.07226521418662708,0.055357547182489,0.02520864768012071,9372769,0.037277384882257854
Individuals,389,831,3700,1954,Isle of Man,2017,0,0,0,0.0010605656820701981,2.5859458317034303e-4,9.575335118267696e-5,1746,1.400643590114248e-4
Corporations,1010,5826,117824,96495,Isle of Man,2017,0,0,0,3.588919322890034e-4,2.2645294519060719e-4,0.0014882355714824595,21329,8.482971704025542e-5
Individuals,57574,52291,360611,67309,Israel,2017,0,0,0,0.03653306831855833,0.025203257089632586,0.01417198828018366,293302,0.0235287265903602
Corporations,9762,88308,996687,575909,Israel,2017,0,0,0,0.002141966877378389,0.0019155919556558146,0.014384312523576009,420778,0.001673518621443321
Individuals,74812,14207,323800,17341,Italy,2017,0,0,0,0.009412113353520627,0.02263052054879921,0.01841516634621704,306459,0.02458418293143312
Corporations,4988,68902,1577001,575504,Italy,2017,0,0,0,0.0021404605689419203,0.0030309319070692957,0.007349820822331196,1001497,0.003983154724865896
Individuals,4696,4308,21964,1184,Jamaica,2017,0,0,0,6.426355002922797e-4,0.0015350733580414633,0.0011559324862566865,20780,0.0016669744445918712
Corporations,593,760,197922,194116,Jamaica,2017,0,0,0,7.219717739593987e-4,3.80398049786252e-4,8.737858355337609e-4,3806,1.5137226454836707e-5
Individuals,233273,20240,725539,23350,Japan,2017,0,0,0,0.012673597070797916,0.05070823115643987,0.05742074933274191,702189,0.056329697703249346
Corporations,13891,181348,55760234,22827360,Japan,2017,0,0,0,0.08490134555631591,0.10716890628239943,0.0204683963598642,32932874,0.1309806546365223
Individuals,385,572,35730,33491,Jersey,2017,0,0,0,0.018177791841460084,0.002497184988290907,9.476874088773941e-5,2239,1.7961288649861405e-4
Corporations,4467,70391,977318,621577,Jersey,2017,0,0,0,0.0023118189605306166,0.0018783655238983044,0.0065821270275367785,355741,0.0014148534094246099
Individuals,43671,19097,159588,9270,"Korea, Republic of (South)",2017,0,0,0,0.005031445175430265,0.011153673605132083,0.010749729047554462,150318,0.01205853053715885
Corporations,3060,288354,3553587,1324767,"Korea, Republic of (South)",2017,0,0,0,0.004927179527050169,0.006829849963853325,0.004508911731422105,2228820,0.008864464810054953
Individuals,2448,1188,7562,2735,Kuwait,2017,0,0,0,0.0014844662950163725,5.285114156578741e-4,6.02581500501782e-4,4827,3.8722260077213484e-4
Corporations,580,1136,33615,26142,Kuwait,2017,0,0,0,9.722942011398649e-5,6.46066654720792e-5,8.54630328178046e-4,7473,2.9721621990802605e-5
Individuals,344,120,883,32,Liberia,2017,0,0,0,1.736852703492648e-5,6.171324782146295e-5,8.46764853646295e-5,851,6.826733649411369e-5
Corporations,611,6011,126296,16496,Liberia,2017,0,0,0,6.135324436540131e-5,2.4273578528816644e-4,9.003088457185968e-4,109800,4.366966538993879e-4
Individuals,169,52,429,67,Libya,2017,0,0,0,3.6365353479377315e-5,2.9982993562183016e-5,4.1599784961111586e-5,362,2.9039689554487844e-5
Corporations,14,3166,27794,17225,Libya,2017,0,0,0,6.406459955104496e-5,5.3418939762932304e-5,2.062900792153904e-5,10569,4.203503583845747e-5
Individuals,110,190,889,272,Liechtenstein,2017,0,0,0,1.4763247979687508e-4,6.21325903887662e-5,2.707678311078269e-5,617,4.9495824461654695e-5
Corporations,435,6871,41024,13780,Liechtenstein,2017,0,0,0,5.125167964083597e-5,7.884646271981488e-5,6.409727461335345e-4,27244,1.0835486009867873e-4
Individuals,2363,721,44094,38575,Luxembourg,2017,0,0,0,0.02093721657413403,0.0030817485271116504,5.81658531734359e-4,5519,0.00044273493550060333
Corporations,20965,1335575,40373738,32834638,Luxembourg,2017,0,0,0,0.12212121537727279,0.07759668555178854,0.030891939362504714,7539100,0.029984514967330376
Individuals,929,378,1771,446,Macau,2017,0,0,0,2.420738455492878e-4,1.2377594778234527e-4,2.2867574099924652e-4,1325,1.0629168138037678e-4
Corporations,58,776,8925,8421,Macau,2017,0,0,0,3.132005763827864e-5,1.7153487709008087e-5,8.54630328178046e-5,504,2.004509231013584e-6
Individuals,49907,7661,38243,3829,Malaysia,2017,0,0,0,0.0020782528130229216,0.0026728196335630886,0.012284736497362106,34414,0.0027606957909617254
Corporations,513,4166,39119,20663,Malaysia,2017,0,0,0,7.685148450062362e-5,7.518513004915265e-5,7.559057902678235e-4,18456,7.340321898330695e-5
Individuals,2523,3571,28390,20184,Malta,2017,0,0,0,0.010955198427279877,0.001984189247623254,6.210429435318611e-4,8206,6.582864433263184e-4
Corporations,1308,11896,150039,117601,Malta,2017,0,0,0,4.373910578695174e-4,2.883688674926459e-4,0.0019273387400980762,32438,1.2901244134051317e-4
Individuals,867,1044,4682,470,Mauritius,2017,0,0,0,2.551002408254827e-4,3.2722698335230975e-4,2.1341428142771448e-4,4212,3.3788721658426185e-4
Corporations,539,17982,205481,82785,Mauritius,2017,0,0,0,3.0790060225447064e-4,3.9492614094506343e-4,7.942168049792531e-4,122696,4.8798663612786245e-4
Individuals,254964,238581,1174378,155628,Mexico,2017,0,0,0,0.08446966016848556,0.08207778091741111,0.06276004480961453,1018750,0.08172426445755385
Corporations,7030,181550,4681747,622142,Mexico,2017,0,0,0,0.0023139203537814925,0.008998127688648234,0.010358708977744248,4059605,0.01614586447771607
Individuals,1220,3312,17644,4970,Monaco,2017,0,0,0,0.002697549355112019,0.001233146709583117,3.003061399559535e-4,12674,0.0010167100149546379
Corporations,173,3158,19657,8186,Monaco,2017,0,0,0,3.0446026817117794e-5,3.777995606677557e-5,2.5491559788758957e-4,11471,4.562247100983496e-5
Individuals,2115,560,5936,323,Morocco,2017,0,0,0,1.7531356975878916e-4,4.1486957991869087e-4,5.206126934482307e-4,5613,4.502756283683433e-4
Corporations,43,7,1391,656,Morocco,2017,0,0,0,2.4398477390702753e-6,2.6734455353759384e-6,6.336052433044135e-5,735,2.9232426285614764e-6
Individuals,53599,18865,181167,35015,Netherlands,2017,0,0,0,0.01900496794149846,0.012661839148438252,0.013193531799589467,146152,0.011724333446871568
Corporations,9843,131265,18871057,8438806,Netherlands,2017,0,0,0,0.031386283139562,0.036269405524424765,0.014503666069407771,10432251,0.04149115759871169
Individuals,22649,6084,53048,1336,New Zealand,2017,0,0,0,7.251360037081805e-4,0.0037075474183838803,0.005575109642510155,51712,0.004148343718899656
Corporations,3351,23891,202413,65204,New Zealand,2017,0,0,0,2.4251193899136925e-4,3.890295694838604e-4,0.004937700396076952,137209,5.457077521391723e-4
Individuals,21057,10752,73003,2542,Norway,2017,0,0,0,0.0013797123663369722,0.005102210906806636,0.0051832347451250095,70461,0.005652391065466209
Corporations,2090,19621,1074374,364156,Norway,2017,0,0,0,0.0013543981604708462,0.0020649032161207683,0.003079616182572614,710218,0.002824679636968265
Individuals,719,260,1456,280,Oman,2017,0,0,0,1.519746115556067e-4,1.0176046299892418e-4,1.7698370051502503e-4,1176,9.433888098364006e-5
Corporations,48,587,96580,2582,Oman,2017,0,0,0,9.603181192499163e-6,1.8562283954464998e-4,7.072802715956243e-5,93998,3.738489259857438e-4
Individuals,7096,9795,43172,7216,Panama,2017,0,0,0,0.0039166028463759215,0.003017309552602716,0.001746698663219218,35956,0.002884395242047417
Corporations,24543,47664,610338,417605,Panama,2017,0,0,0,0.001553189962003723,0.0011730448606544065,0.036164124387023766,192733,7.665378524225021e-4
Individuals,10452,3511,29886,11446,Peru,2017,0,0,0,0.006212505013805265,0.002088745327737533,0.002572786700671824,18440,0.0014792593242672813
Corporations,1013,40164,215121,72245,Peru,2017,0,0,0,2.686993901053842e-4,4.134538296301993e-4,0.0014926560731799321,142876,5.682465493855095e-4
Individuals,28520,16361,76003,4459,Philippines,2017,0,0,0,0.0024201956890230365,0.005311882190458265,0.007020271402904748,71544,0.005739269473719001
Corporations,647,5169,174257,62232,Philippines,2017,0,0,0,2.314582385637521e-4,3.3491488041553194e-4,9.533548660882686e-4,112025,4.4554592580217607e-4
Individuals,41606,23240,114685,3226,Poland,2017,0,0,0,0.0017509646317085258,0.008015383721862376,0.01024142398279295,111459,0.008941256237717294
Corporations,928,10790,218593,50407,Poland,2017,0,0,0,1.8747775149895635e-4,4.2012687269189975e-4,0.0013674085250848737,168186,6.689095030302591e-4
Individuals,11832,7402,54485,10027,Portugal,2017,0,0,0,0.005442319393100244,0.0038079799632530107,0.0029124772524252796,44458,0.003566426845893427
Corporations,630,3987,1026038,948503,Portugal,2017,0,0,0,0.0035277483232490445,0.0019720033862157134,9.283053564692569e-4,77535,3.0837226830682186e-4
Individuals,866,540,4342,72,Puerto Rico,2017,0,0,0,3.907918582858458e-5,3.0346423787179174e-4,2.1316812885398007e-4,4270,3.425399845239312e-4
Corporations,6007,7543,539135,468143,Puerto Rico,2017,0,0,0,0.0017411549391944754,0.0010361955849855547,0.008851317898906074,70992,2.8234944311134193e-4
Individuals,1460,586,4397,1808,Qatar,2017,0,0,0,9.813217774733462e-4,3.0730821140540496e-4,3.593827576522066e-4,2589,2.0768993441041167e-4
Corporations,234,9746,65231,47834,Qatar,2017,0,0,0,1.779080438272676e-4,1.2537133408922204e-4,3.4479913240286684e-4,17397,6.919136327766531e-5
Individuals,52846,5484,113092,28481,Russia,2017,0,0,0,0.015458531827554408,0.007904048270243361,0.013008178911567473,84611,0.006787506002471743
Corporations,1059,5285,236853,55616,Russia,2017,0,0,0,2.0685148148800675e-4,4.5522185146685634e-4,0.0015604370992078462,181237,7.208159513912875e-4
Individuals,7851,5072,29186,8424,Saudi Arabia,2017,0,0,0,0.004572264741944396,0.0020398220282188194,0.0019325438563886808,20762,0.0016655304821278358
Corporations,572,15381,302178,133681,Saudi Arabia,2017,0,0,0,4.971970817174595e-4,5.807738497403525e-4,8.428423236514523e-4,168497,6.701464124962219e-4
Individuals,1372,817,10603,4491,Senegal,2017,0,0,0,0.0024375642160579633,7.410482068527425e-4,3.377213311635805e-4,6112,4.903054766768777e-4
Corporations,304,1313,116416,30106,Senegal,2017,0,0,0,1.1197264639092943e-4,2.2374682634530933e-4,4.479441720105621e-4,86310,3.4327220581107623e-4
Individuals,99102,29602,143855,21694,Singapore,2017,0,0,0,0.01177477579674047,0.010054087503235052,0.024394212362225328,122161,0.009799772142723175
Corporations,4922,98995,2161753,853535,Singapore,2017,0,0,0,0.003174535731657542,0.004154801514331805,0.007252569784986797,1308218,0.005203045748369303
Individuals,31266,7365,52690,2880,South Africa,2017,0,0,0,0.0015631674331433832,0.0036825266452014524,0.007696206370379378,49810,0.003995765018533258
Corporations,5018,11989,271302,55819,South Africa,2017,0,0,0,2.0760649534628612e-4,5.214314310845168e-4,0.007394025839305922,215483,8.570191718779764e-4
Individuals,69800,20681,160863,16960,Spain,2017,0,0,0,0.009205319328511034,0.011242783900684025,0.01718144964666029,143903,0.011543918359004044
Corporations,6943,113367,2550351,768403,Spain,2017,0,0,0,0.002857905979031733,0.004901671096039942,0.01023051442851754,1781948,0.007087165109496417
Individuals,24816,11671,79759,2598,Sweden,2017,0,0,0,0.0014101072886480936,0.005574390637590105,0.0061085222697925745,77161,0.006189865982634908
Corporations,4295,157075,4354709,1119779,Sweden,2017,0,0,0,0.004164771739951789,0.008369573928045592,0.006328684930215013,3234930,0.012865966362465819
Individuals,48500,47747,1168085,31363,Switzerland,2017,0,0,0,0.017022784793637474,0.08163796045473788,0.011938399826117822,1136722,0.09118799444684124
Corporations,14565,464834,41470521,17608423,Switzerland,2017,0,0,0,0.06549065708101072,0.07970465795626464,0.021461535741229724,23862098,0.09490435657212457
Individuals,138655,33465,198643,57848,Taiwan,2017,0,0,0,0.031397954747388344,0.01388324426613688,0.03413028511114158,140795,0.011294594173547282
Corporations,5047,195599,7198791,6046590,Taiwan,2017,0,0,0,0.022488961799672157,0.013835784082713506,0.007436757355714824,1152201,0.004582534802545798
Individuals,24237,7063,50168,4039,Thailand,2017,0,0,0,0.0021922337716896267,0.003506262986078316,0.005965999929600364,46129,0.003700474694638038
Corporations,601,16065,148347,109624,Thailand,2017,0,0,0,4.077223605912193e-4,2.8511691217571124e-4,8.855738400603546e-4,38723,1.5400914871535517e-4
Individuals,6265,2067,14130,3306,Trinidad and Tobago,2017,0,0,0,0.001794385949295842,9.87551745999175e-4,0.0015421458744459414,10824,8.683027617065647e-4
Corporations,944,4672,88358,68762,Trinidad and Tobago,2017,0,0,0,2.5574513755175345e-4,1.6982048929888366e-4,0.001390984534138061,19596,7.793722795821864e-5
Individuals,13861,4919,40186,3406,Turkey,2017,0,0,0,0.0018486625962799872,0.002808616734941461,0.003411920824532353,36780,0.0029504966348454778
Corporations,604,5285,59552,29347,Turkey,2017,0,0,0,1.0914971280258441e-4,1.1445652661589353e-4,8.899943417578272e-4,30205,1.2013135183088354e-4
Individuals,13400,7097,43352,12654,United Arab Emirates,2017,0,0,0,0.00686816690937374,0.003029889829621814,0.0032984444880408002,30698,0.0024625977622753253
Corporations,1401,17225,256918,93565,United Arab Emirates,2017,0,0,0,3.4799444162516815e-4,4.93785966971758e-4,0.0020643742927197286,163353,6.496876912971467e-4
Individuals,428778,182357,1802876,141934,United Kingdom,2017,0,0,0,0.07703701613047671,0.12600377506157173,0.10554480826068345,1660942,0.13324099460776284
Corporations,60175,463757,81898833,33899355,United Kingdom,2017,0,0,0,0.12608119611690646,0.15740623252074018,0.08866789654847228,47999478,0.19090356495006633
Individuals,13015,3159,47575,33847,Uruguay,2017,0,0,0,0.01837101670472364,0.003325037106575424,0.003203675747153061,13728,0.0011012620392375943
Corporations,2782,4334,117299,66920,Uruguay,2017,0,0,0,2.4889422362588847e-4,2.2544391650184198e-4,0.004099278574122973,50379,2.0036740188339948e-4
Individuals,97173,10653,225990,154812,Venezuela,2017,0,0,0,0.08402676272909494,0.01579453779747725,0.023919384047491693,71178,0.005709908903616949
Corporations,2895,2246,88888,80643,Venezuela,2017,0,0,0,2.999339043015918e-4,1.708391277846847e-4,0.004265784138061109,8245,3.279202105100595e-5
Individuals,9568,4092,20040,366,Vietnam,2017,0,0,0,1.9865252796197162e-4,0.001400604174792885,0.002355187825490625,19674,0.0015782509731905906
Corporations,149,161,7827,4810,Vietnam,2017,0,0,0,1.7889737233121987e-5,1.504317627993348e-5,2.1955158430780837e-4,3017,1.1999214980095203e-5
Individuals,76443,23081,226904,132830,Argentina,2018,0,1,0,0.054698206567573265,0.013685068990469835,0.016536536328656603,94074,0.0066474043579736845
Corporations,1923,9379,135213,54264,Argentina,2018,0,1,0,1.808910023937356e-4,2.1464703569591014e-4,0.0026515104509222376,80949,2.4533711504483145e-4
Individuals,180178,44336,356594,15927,Australia,2018,0,1,0,0.006558596220746363,0.021506952242303354,0.038977016111673916,340667,0.02407202096666264
Corporations,18476,361037,9885742,2862822,Australia,2018,0,1,0,0.009543320456561236,0.015693352088590285,0.025475458705792646,7022920,0.021284795760177985
Individuals,24408,7942,77481,6810,Austria,2018,0,1,0,0.0028042971220746363,0.004673046003819207,0.005280061990108321,70671,0.004993714664863386
Corporations,1754,15140,742229,354365,Austria,2018,0,1,0,0.001181288516571873,0.001178268766002823,0.002418486391532816,387864,0.0011755232898460575
Individuals,3451,2861,20129,6951,Bahamas,2018,0,1,0,0.002862359661606578,0.0012140233477998066,7.465377715447318e-4,13178,9.311764635220913e-4
Corporations,18492,144531,1516993,804415,Bahamas,2018,0,1,0,0.002681546433925933,0.0024081859778382684,0.025497520155202298,712578,0.0021596539891093887
Individuals,1306,662,2997,217,Bahrain,2018,0,1,0,8.935866013071895e-5,1.807555255281445e-4,2.8252052438059106e-4,2780,1.9643880471933628e-4
Corporations,283,1070,87410,22651,Bahrain,2018,0,1,0,7.550792597708435e-5,1.3876104657229338e-4,3.902118864331738e-4,64759,1.962690858835593e-4
Individuals,1697,1017,9305,1593,Barbados,2018,0,1,0,6.559831593927894e-4,5.612045929394009e-4,3.67103621649206e-4,7712,5.449410294947919e-4
Corporations,1642,16204,4809276,938337,Barbados,2018,0,1,0,0.0031279802541856606,0.007634597540498946,0.0022640562456652698,3870939,0.01173189300392253
Individuals,36854,10508,95324,5650,Belgium,2018,0,1,0,0.002326619491882775,0.005749195767582531,0.007972443648945102,89674,0.006336494019568979
Corporations,3052,10487,2787654,912400,Belgium,2018,0,1,0,0.0030415183286164743,0.00442532646746871,0.004208221474890623,1875254,0.0056834476810866145
Individuals,6182,4757,27413,7573,Bermuda,2018,1,1,0,0.0031184937012439383,0.0016533370775118534,0.0013373215020833185,19840,0.001401922980443033
Corporations,11960,370956,10991835,9382586,Bermuda,2018,1,1,0,0.031277189049561956,0.017449245261983347,0.01649093343371293,1609249,0.004877249960453866
Individuals,74041,29050,238860,50757,Brazil,2018,0,1,0,0.02090127885831752,0.014406161103654518,0.016016923541855545,188103,0.013291628951122776
Corporations,3622,43929,375816,213107,Brazil,2018,0,1,0,7.103998755550975e-4,5.965978890128476e-4,0.004994160610109383,162709,4.931321776900207e-4
Individuals,988,924,7594,4679,British Virgin Islands,2018,1,1,0,0.0019267703721273456,4.5801049745102743e-4,2.1372915626954362e-4,2915,2.0597809919311702e-4
Corporations,102536,390499,4545353,2818131,British Virgin Islands,2018,1,1,0,0.009394341395158125,0.007215626808380202,0.14138079854173818,1727222,0.005234797990363857
Individuals,698,55,276,38,Brunei,2018,0,1,0,1.5648060299388573e-5,1.6646154503092384e-5,1.509948897531796e-4,238,1.6817422850072677e-5
Corporations,23,405,10828,10638,Brunei,2018,0,1,0,3.5462156926591466e-5,1.7189161563720316e-5,3.171333352637102e-5,190,5.758446905893585e-7
Individuals,524661,175881,1950596,73334,Canada,2018,0,1,0,0.030198285631456885,0.11764464633736954,0.11349732070600711,1877262,0.13265003720324844
Corporations,75933,697065,44111766,17110771,Canada,2018,0,1,0,0.05703937265810964,0.0700262534757134,0.10469950237643175,27000995,0.08183357690199902
Individuals,2617,3935,237242,221358,Cayman Islands,2018,1,1,1,0.09115324557242252,0.01430857603848784,5.66122674045947e-4,15884,0.0011223863216409849
Corporations,147846,2868781,99550908,81109453,Cayman Islands,2018,1,1,1,0.2703812888245906,0.1580344146127685,0.2038560655886891,18441455,0.05589165236048725
Individuals,19578,9094,58655,21685,Chile,2018,0,1,0,0.008929689147164242,0.0035376093926771154,0.00423521196502543,36970,0.002612353457004987
Corporations,7761,121080,1001344,277464,Chile,2018,0,1,0,9.249362577063145e-4,0.0015896069261970775,0.010701181804268062,723880,0.0021939076559148673
Individuals,374588,35237,982166,182241,China,2018,0,1,0,0.07504521465844402,0.059236547042334185,0.08103277043390264,799925,0.05652385282917809
Corporations,3994,78335,3046612,2056388,China,2018,0,1,0,0.006855043613269371,0.004836415394345131,0.005507089308883732,990224,0.0030011328047060888
Individuals,26940,8846,56745,15985,Colombia,2018,0,1,0,0.006582480102255956,0.0034224131785433962,0.005827797034313264,40760,0.002880160316676312
Corporations,3526,52532,599049,158718,Colombia,2018,0,1,0,5.290921811500982e-4,9.509743300318703e-4,0.004861791913651487,440331,0.0013345382550100148
Individuals,2583,1206,12060,3791,Cyprus,2018,0,1,0,0.0015610999103942652,7.273645772003412e-4,5.587676221095457e-4,8269,5.842994518792056e-4
Corporations,1537,7441,196647,75736,Cyprus,2018,0,1,0,2.524686893205801e-4,3.1217187421692913e-4,0.0021192779839144457,120911,3.6645240728342066e-4
Individuals,17694,2357,26278,1189,Czech Republic,2018,0,1,0,4.896195709466583e-4,0.0015848827827255859,0.003827655557726017,25089,0.0017728248818717368
Corporations,711,5570,93540,9977,Czech Republic,2018,0,1,0,3.3258689571028675e-5,1.4849225828134451e-4,9.803556581412954e-4,83563,2.5325952568272926e-4
Individuals,14671,22368,182652,28494,Denmark,2018,0,1,0,0.011733574478178369,0.011016135551807357,0.0031737049105571603,154158,0.010893026351771024
Corporations,5368,81697,3605523,1276654,Denmark,2018,0,1,0,0.004255772183583446,0.005723671718573103,0.007401616276937375,2328869,0.007058246572253414
Individuals,137,165,928,5,East Timor,2018,0,1,0,2.058955302551128e-6,5.596967890894831e-5,2.9636532802558172e-5,923,6.522050962444151e-5
Corporations,NA,0,NA,NA,East Timor,2018,0,1,0,NA,NA,NA,NA,NA
Individuals,10639,2056,32161,1614,Egypt,2018,0,1,0,6.646307716635041e-4,0.0019396991846882398,0.0023014822809227474,30547,0.002158495024374664
Corporations,108,219,3558,542,Egypt,2018,0,1,0,1.8067765608396855e-6,5.648230221990846e-6,1.4891478351513346e-4,3016,9.14077677272371e-6
Individuals,15440,6787,36025,6021,El Salvador,2018,0,1,0,0.0024793939753320685,0.002172745347731533,0.0033400588793540014,30004,0.0021201258621579015
Corporations,476,670,45362,6862,El Salvador,2018,0,1,0,2.287472465033565e-5,7.201096664697829e-5,6.563281199370697e-4,38500,1.1668431888258053e-4
Individuals,11665,2382,18022,353,Finland,2018,0,1,0,1.4536224436010963e-4,0.0010869456393287353,0.0025234317893565042,17669,0.0012485169930165298
Corporations,2481,31146,1290783,423069,Finland,2018,0,1,0,0.0014103157801067987,0.0020490836286205763,0.0034209034990837603,867714,0.0026298342097371293
Individuals,94590,39625,345096,20512,France,2018,0,1,0,0.008446658233185748,0.020813483095649166,0.020462187137182317,324584,0.022935573018352896
Corporations,10839,120826,41501228,12799435,France,2018,0,1,0,0.04266737850551863,0.06588209394022843,0.014945253134449367,28701793,0.08698829004970955
Individuals,1748,975,11454,45,Gabon,2018,0,1,0,1.853059772296015e-5,6.90815411878334e-4,3.7813619955380794e-4,11409,8.061763751952906e-4
Corporations,441,132,135253,765,Gabon,2018,0,1,0,2.5501551089342426e-6,2.147105346303901e-4,6.080686993534617e-4,134488,4.076010565683244e-4
Individuals,402517,70094,1510215,138176,Germany,2018,0,1,0,0.056899641577060935,0.09108431964814372,0.0870745129495424,1372039,0.09695025222601203
Corporations,28072,288872,26502581,7342602,Germany,2018,0,1,0,0.024476828762314752,0.042072141361708934,0.03870681298922988,19159979,0.05806932725765056
Individuals,21953,13645,86610,6419,Greece,2018,0,1,0,0.002643286817415138,0.005223635657655186,0.004748983975288756,80191,0.005666411578866294
Corporations,402,462,48859,17865,Greece,2018,0,1,0,5.955362224981731e-5,7.756236099388722e-5,5.542939164174413e-4,30994,9.393542284277146e-5
Individuals,10137,8237,38985,8528,Guatemala,2018,0,1,0,0.0035117541640312037,0.0023512693235617993,0.002192887102332352,30457,0.0021521354947254766
Corporations,509,399,13242,9901,Guatemala,2018,0,1,0,3.300534082818031e-5,2.102132225958482e-5,7.018298593444716e-4,3341,1.0125774269784455e-5
Individuals,326,470,38930,34746,Guernsey,2018,0,1,0,0.0143080921884883,0.0023479521550919804,7.052196856667127e-5,4184,0.00029564746724665576
Corporations,9315,117627,1663071,1071245,Guernsey,2018,0,1,0,0.003571033868850016,0.002640080911612293,0.012843900078180261,591826,0.0017936834729091456
Individuals,71952,55305,282505,75126,Hong Kong,2018,1,1,0,0.03093621521189121,0.017038485064840993,0.015565020497880772,207379,0.014653698879097569
Corporations,4797,87153,2110855,1540187,Hong Kong,2018,1,1,0,0.005134268950018436,0.0033509260835414526,0.006614298301130511,570668,0.0017295586204697263
Individuals,9001,1941,19888,796,Hungary,2018,0,1,0,3.277856841661396e-4,0.001199488118686599,0.0019471418376337674,19092,0.0013490682229142332
Corporations,647,4391,550228,344932,Hungary,2018,0,1,0,0.0011498432706338643,8.73472293025739e-4,8.921098605026977e-4,205296,6.222032189433312e-4
Individuals,176687,33838,228744,9748,India,2018,0,1,0,0.004014139257853679,0.013796043353823785,0.03822182533785107,218996,0.015474572833926536
Corporations,2878,101475,5179859,193605,India,2018,0,1,0,6.453892547257699e-4,0.008222888181408455,0.003968303212560686,4986254,0.015112146799105006
Individuals,16615,2660,22946,1690,Indonesia,2018,0,1,0,6.959268922622812e-4,0.001383922685608543,0.0035942408212737524,21256,0.001501979580256911
Corporations,282,623,37325,35081,Indonesia,2018,0,1,0,1.1694377957715315e-4,5.925244323659593e-5,3.8883304584507074e-4,2244,6.801028872013265e-6
Individuals,1095,513,2972,57,Iraq,2018,0,1,0,2.347209044908286e-5,1.792477216782267e-4,2.368759373635124e-4,2915,2.0597809919311702e-4
Corporations,23,193,652,5,Iraq,2018,0,1,0,1.6667680450550603e-8,1.0350326320230556e-6,3.171333352637102e-5,647,1.9609027095332366e-6
Individuals,70725,12062,137672,3952,Ireland,2018,0,1,0,0.0016273982711364115,0.008303294865035272,0.015299589652999466,133720,0.009448847829881169
Corporations,25561,1271452,39614740,23722929,Ireland,2018,0,1,0,0.07908123998462,0.0628873444924985,0.03524454427250302,15891811,0.04816428941157665
Individuals,414,1168,4836,395,Isle of Man,2018,0,1,0,1.6265746890153912e-4,2.91669576728097e-4,8.955857357853346e-5,4441,3.138074574671124e-4
Corporations,1060,4508,152814,132965,Isle of Man,2018,0,1,0,4.432436262214922e-4,2.4258815434044663e-4,0.001461571023389273,19849,6.015758559741145e-5
Individuals,75080,25641,301670,90235,Israel,2018,0,1,0,0.03715796634514021,0.01819436749618797,0.01624168527602969,211435,0.014940301681954269
Corporations,11388,110641,1272823,640596,Israel,2018,0,1,0,0.002135449885180183,0.002020572607039082,0.015702236617317962,632227,0.0019161292694591491
Individuals,81427,16283,340445,22268,Italy,2018,0,1,0,0.009169763335441703,0.02053297126741046,0.017614700412510252,318177,0.022482845168771318
Corporations,5016,92142,2131762,602301,Italy,2018,0,1,0,0.0020077921206094157,0.003384115389120756,0.006916264389925088,1529461,0.004635431559544688
Individuals,5363,2692,16855,1794,Jamaica,2018,0,1,0,7.387531625553447e-4,0.001016561355614573,0.0011601512804388283,15061,0.0010642319560711956
Corporations,668,961,201820,196220,Jamaica,2018,0,1,0,6.541064516014079e-4,3.2038387391854765e-4,9.210655128528625e-4,5600,1.6972264564738985e-5
Individuals,262435,24556,857029,43015,Japan,2018,0,1,0,0.017713192467847354,0.051689265027647695,0.05677126632145514,814014,0.05751940186503806
Corporations,14856,258655,59821288,24271772,Japan,2018,0,1,0,0.08091082793292431,0.0949647011804436,0.02048405577685947,35549516,0.10774210548221815
Individuals,436,880,5752,2261,Jersey,2018,0,1,0,9.310595878136201e-4,3.469155097890848e-4,9.4317724831499e-5,3491,2.4667908894791476e-4
Corporations,4621,66292,695720,417614,Jersey,2018,0,1,0,0.001392131340735248,0.0011044369674096323,0.006371622357624368,278106,8.428729659002322e-4
Individuals,53309,18762,159835,11918,"Korea, Republic of (South)",2018,0,1,0,0.004907725859160868,0.00963999313406439,0.011532072461106378,147917,0.010452028301320167
Corporations,3512,245688,3999084,1570385,"Korea, Republic of (South)",2018,0,1,0,0.005234935072867582,0.006348439322394615,0.004842488145418044,2428699,0.007360807495735181
Individuals,3366,1690,63070,56195,Kuwait,2018,0,1,0,0.02314059864537213,0.0038038875525725968,7.281501417037285e-4,6875,4.8579740375735144e-4
Corporations,580,1876,53873,43579,Kuwait,2018,0,1,0,1.4527216927090895e-4,8.552195243094796e-5,7.997275410997908e-4,10294,3.119865918382556e-5
Individuals,398,242,1400,108,Liberia,2018,0,1,0,4.4473434535104363e-5,8.443701559539615e-5,8.609737266728578e-5,1292,9.129458118610881e-5
Corporations,643,3917,126820,20910,Liberia,2018,0,1,0,6.970423964420263e-5,2.013233717686563e-4,8.865944981502853e-4,105910,3.209879535806261e-4
Individuals,317,56,443,81,Libya,2018,0,1,0,3.3355075901328274e-5,2.6718284220543213e-5,6.857504305409446e-5,362,2.5579441477841633e-5
Corporations,9,3198,21708,11048,Libya,2018,0,1,0,3.682890672353661e-5,3.4460871742264555e-5,1.240956529292779e-5,10660,3.230791790359243e-5
Individuals,127,95,553,226,Liechtenstein,2018,0,1,0,9.306477967531098e-5,3.335262116018148e-5,2.747328223302838e-5,327,2.3106291058713296e-5
Corporations,424,9333,57307,26048,Liechtenstein,2018,0,1,0,8.683194807518842e-5,9.0973335956051e-5,5.846284093557092e-4,31259,9.473857464806714e-5
Individuals,2789,703,15364,4958,Luxembourg,2018,0,1,0,0.0020416600780096984,9.266359340054761e-4,6.033305838418594e-4,10406,7.353029503271272e-4
Corporations,23424,1479876,41035289,30175623,Luxembourg,2018,0,1,0,0.10059152831205703,0.06514242818941218,0.032297961935726725,10859666,0.03291305793512514
Individuals,1034,274,1820,714,Macau,2018,0,1,0,2.940188172043011e-4,1.09768120274015e-4,2.2368010888938067e-4,1106,7.815155324445538e-5
Corporations,53,231,9965,9339,Macau,2018,0,1,0,3.113189354553842e-5,1.5819172052315566e-5,7.307855116946365e-5,626,1.8972567174154653e-6
Individuals,65490,9699,44999,6736,Malaysia,2018,0,1,0,0.0027738245835968794,0.0027139866176980228,0.014167127979850619,38263,0.002703718699631642
Corporations,539,3364,61605,30461,Malaysia,2018,0,1,0,1.0154284284084438e-4,9.779629646592077e-5,7.431950769875642e-4,31144,9.43900370721841e-5
Individuals,2523,2031,53682,41258,Malta,2018,0,1,0,0.016989675574530887,0.003237677050851469,5.45788118692367e-4,12424,8.778977373500123e-4
Corporations,1360,12900,163186,129592,Malta,2018,0,1,0,4.3199960898955076e-4,2.5905342805109563e-4,0.001875223199820199,33594,1.0181540281925742e-4
Individuals,266647,252024,1322306,241473,Mexico,2018,0,1,0,0.09943642275458571,0.07975112310277566,0.05768242746134109,1080833,0.076373216770221
Corporations,7251,190353,6456082,947027,Mexico,2018,0,1,0,0.0031569486828087173,0.010248858197878333,0.009997973104335488,5509055,0.016696631957446095
Individuals,1303,3439,29242,7842,Monaco,2018,0,1,0,0.003229265496521189,0.001763648007171839,2.818715492097321e-4,21400,0.0015121548276956103
Corporations,130,4178,86827,23168,Monaco,2018,0,1,0,7.723136413567128e-5,1.3783554960224823e-4,1.7924927645340138e-4,63659,1.9293524820119984e-4
Individuals,62098,20363,165636,8486,Netherlands,2018,0,1,0,0.0034944589394897744,0.009989863939399313,0.013433353386666113,157150,0.011104445381886222
Corporations,9951,138989,21551496,8798226,Netherlands,2018,0,1,0,0.029329203899945207,0.03421242581121833,0.013720842692213825,12753270,0.03865212009027657
Individuals,20848,5962,60119,2172,New Zealand,2018,0,1,0,8.9441018342821e-4,0.003625906386128301,0.004509944787355714,57947,0.004094618495349417
Corporations,2764,10990,164407,49382,New Zealand,2018,0,1,0,1.64616679201818e-4,2.6099173302609585e-4,0.0038111153855169343,115025,3.486133449212682e-4
Individuals,23848,10510,67475,373,Norway,2018,0,1,0,1.5359806557031414e-4,0.004069562590928111,0.005158919958214652,67102,0.004741523983552843
Corporations,1914,24892,865729,523592,Norway,2018,0,1,0,0.0017454128284929383,0.001374321726209644,0.0026391008856293096,342137,0.0010369356573903755
Individuals,1249,305,1837,552,Oman,2018,0,1,0,2.2730866540164452e-4,1.107934268919591e-4,2.7018999613427126e-4,1285,9.079995110228314e-5
Corporations,40,13,332122,1193,Oman,2018,0,1,0,3.976908555501374e-6,5.272348279336829e-4,5.5153623524123506e-5,330929,0.0010029668821686622
Individuals,7625,3459,34237,17693,Panama,2018,0,1,0,0.007285819233607421,0.002064907216385413,0.0016494785592664678,16544,0.0011690228724016904
Corporations,27631,48888,662274,429434,Panama,2018,0,1,0,0.0014315337373203495,0.0010513423333442288,0.03809874428987641,232840,7.056825145096117e-4
Individuals,11739,3899,34515,15608,Peru,2018,0,1,0,0.006427234872443601,0.0020816739951964986,0.0025394398435710248,18907,0.0013359958564131264
Corporations,1099,52989,308417,115164,Peru,2018,0,1,0,3.8390335028144193e-4,4.896037718875073e-4,0.0015153458063252934,193253,5.857037578445542e-4
Individuals,31801,18441,84408,5296,Philippines,2018,0,1,0,0.002180845456462155,0.005090828294554428,0.006879353136161697,79112,0.005590167884516595
Corporations,480,5699,403288,300213,Philippines,2018,0,1,0,0.0010007708702202296,6.402089572136718e-4,6.618434822894821e-4,103075,3.12395744644727e-4
Individuals,46255,24821,121850,3146,Poland,2018,0,1,0,0.0012954946763651697,0.007349035964499301,0.01000611550936006,118704,0.008387795638634567
Corporations,954,9318,172689,24614,Poland,2018,0,1,0,8.205165732197051e-5,2.7413918741016785e-4,0.0013154139210503457,148075,4.487800134685224e-4
Individuals,13531,8610,55776,8715,Portugal,2018,0,1,0,0.003588759092346616,0.0033639707013205828,0.002927094345630764,47061,0.003325398053559959
Corporations,658,2599,57682,15215,Portugal,2018,0,1,0,5.0719751611025486e-5,9.156863846680045e-5,9.072771069718316e-4,42467,1.2870734986978046e-4
Individuals,1250,1696,16680,31,Puerto Rico,2018,0,1,0,1.2765522875816994e-5,0.0010060067286651484,2.704063211912242e-4,16649,0.0011764423236590754
Corporations,7209,10682,633289,548510,Puerto Rico,2018,0,1,0,0.0018284778807863024,0.0010053294179467006,0.009940061799635158,84779,2.5694493170250117e-4
Individuals,2291,975,5256,1668,Qatar,2018,0,1,0,6.868674889310563e-4,3.1700068140671584e-4,4.956007054792757e-4,3588,2.5353324868092753e-4
Corporations,219,20552,169788,53545,Qatar,2018,0,1,0,1.7849418994494642e-4,2.695339271870101e-4,3.019660887945762e-4,116243,3.5230481246409893e-4
Individuals,10406,1611,15428,1964,Romania,2018,0,1,0,8.087576428420831e-4,9.304959118612657e-4,0.0022510785426527033,13464,9.51385635518397e-4
Corporations,499,1796,21100,5478,Romania,2018,0,1,0,1.8261110701623243e-5,3.349568793816944e-5,6.880414534634408e-4,15622,4.7346556612562936e-5
Individuals,73899,5588,137840,43747,Russia,2018,0,1,0,0.01801462352414084,0.008313427306906719,0.015986205383768222,94093,0.006648746925344068
Corporations,897,9804,394491,54331,Russia,2018,0,1,0,1.8111434931177296e-4,6.262439540481706e-4,0.0012368200075284696,340160,0.0010309438418467168
Individuals,10765,3588,35878,16552,Saudi Arabia,2018,0,1,0,0.006815965633565254,0.0021638794610940168,0.002328739238098823,19326,0.0013656030000021198
Corporations,568,14623,924831,106930,Saudi Arabia,2018,0,1,0,3.564550141154752e-4,0.0014681445768504823,7.831814540425538e-4,817901,0.0024788628856722466
Individuals,3663,1117,6369,216,Senegal,2018,0,1,0,8.894686907020873e-5,3.841281088050558e-4,7.923986836187634e-4,6153,4.3477984368276123e-4
Corporations,128,5563,311653,18651,Senegal,2018,0,1,0,6.217378161664386e-5,4.947408356869346e-4,1.7649159527719521e-4,293002,8.880191896424379e-4
Individuals,1697,421,3989,102,Seychelles,2018,0,1,0,4.2002688172043014e-5,2.4058518229288234e-4,3.67103621649206e-4,3887,2.746610194043382e-4
Corporations,737,2191,106502,88404,Seychelles,2018,0,1,0,2.946979245100951e-4,1.6906908799956973e-4,0.0010162055134319756,18098,5.4850722159401104e-5
Individuals,120814,39641,198601,48215,Singapore,2018,0,1,0,0.019854505982500527,0.011978054095900909,0.02613509543071725,150386,0.010626491398029535
Corporations,4454,125426,3148250,1253240,Singapore,2018,0,1,0,0.004177720769569608,0.00499776301191194,0.006141355979411152,1895010,0.00574332340586179
Individuals,54179,8379,64518,2537,South Africa,2018,0,1,0,0.0010447139205144423,0.003891219551559835,0.01172027526065547,61981,0.004379666746514094
Corporations,3660,15774,347200,91220,South Africa,2018,0,1,0,3.040851621398452e-4,5.511707512858971e-4,0.005046556552457301,255980,7.758143363003367e-4
Individuals,82265,21866,193754,22228,Spain,2018,0,1,0,0.009153291693021294,0.011685721085478848,0.01779598081023685,171526,0.012120274251183049
Corporations,7204,128884,3357252,912371,Spain,2018,0,1,0,0.003041421656069861,0.005329548119516361,0.009933167596694643,2444881,0.007409851278804217
Individuals,28089,11928,81842,2626,Sweden,2018,0,1,0,0.0010813633248998524,0.004936067307398866,0.006076354524752237,79216,0.005597516674333433
Corporations,4054,106309,4646788,1011396,Sweden,2018,0,1,0,0.003371525067393016,0.007376652168854525,0.005589819744169917,3635392,0.011018006217952785
Individuals,54078,60523,1362590,160384,Switzerland,2018,0,1,0,0.06604469744887202,0.08218073791437917,0.011698426429903219,1202206,0.08494960779367425
Corporations,12823,344565,38610654,15924041,Switzerland,2018,0,1,0,0.05308336537389326,0.06129338471434282,0.017680872861245894,22686613,0.06875771391318693
Individuals,167846,36882,235458,80812,Taiwan,2018,0,1,0,0.03327765918195235,0.014200979155757706,0.03630929550932978,154646,0.010927509134757726
Corporations,6377,202357,8601106,7355986,Taiwan,2018,0,1,0,0.024521444809344786,0.013654026658725914,0.00879286643033339,1245120,0.003773661795508537
Individuals,29089,7098,67867,5145,Thailand,2018,0,1,0,0.0021186650063251106,0.004093204955294822,0.006292679581705217,62722,0.004432026873959069
Corporations,526,12114,170915,107903,Thailand,2018,0,1,0,3.5969854473115237e-4,2.7132300966598244e-4,7.252701493422241e-4,63012,1.909743454916666e-4
Individuals,7028,2490,16916,3946,Trinidad and Tobago,2018,0,1,0,0.0016249275247733502,0.0010202403970083723,0.001520332500265539,12970,9.164788838884143e-4
Corporations,1250,8010,130855,94635,Trinidad and Tobago,2018,0,1,0,3.154691878875713e-4,2.0772882678432046e-4,0.0017235507351288596,36220,1.0977418259550824e-4
Individuals,17413,5782,44272,3864,Turkey,2018,0,1,0,0.0015911606578115117,0.002670139681742413,0.0037668682167222296,40408,0.0028552874896039357
Corporations,604,5523,57532,26326,Turkey,2018,0,1,0,8.775867110823904e-5,9.133051746250066e-5,8.328197152142649e-4,31206,9.4577944287008e-5
Individuals,18881,8646,46073,12421,United Arab Emirates,2018,0,1,0,0.005114856762597512,0.002778761871090491,0.004084433400329203,33652,0.0023778987972716205
Corporations,1410,20454,330828,107619,United Arab Emirates,2018,0,1,0,3.587518204815611e-4,5.251806374032568e-4,0.0019441652292253536,223209,6.764932502197901e-4
Individuals,471747,182444,2513405,141037,United Kingdom,2018,0,1,0,0.05807777580118069,0.15158886941610478,0.10205069664239716,2372368,0.1676349403864757
Corporations,47904,499519,120134553,34612841,United Kingdom,2018,0,1,0,0.11538315465474329,0.19071040274310316,0.06605197953249031,85521712,0.259195914659538
Individuals,14007,3432,55037,40842,Uruguay,2018,0,1,0,0.016818370493358634,0.003319400019517013,0.003030065072740382,14195,0.001003039148557906
Corporations,3069,4563,80045,61804,Uruguay,2018,0,1,0,2.060258645131659e-4,1.2706930526117406e-4,0.004231661764888376,18241,5.528412105810783e-5
Individuals,96763,11529,234223,156655,Venezuela,2018,0,1,0,0.06450912858422939,0.014126493645571767,0.020932261485941142,77568,0.005481066620312762
Corporations,3231,1295,93632,82691,Venezuela,2018,0,1,0,2.75653432827296e-4,1.4863830583064839e-4,0.004455033940161076,10941,3.315956189335879e-5
Individuals,10246,3374,16832,1016,Vietnam,2018,0,1,0,4.1837971747838923e-4,0.0010151741760726486,0.0022164665335402266,15816,0.001117581343683821
Corporations,129,193,3155,248,Vietnam,2018,0,1,0,8.267169503473099e-7,5.00847845710543e-6,1.778704358652983e-4,2907,8.810423766017184e-6
Individuals,103323,20372,280188,195164,Argentina,2019,0,1,0,0.07372034588472423,0.019057598787988194,0.020241075731396264,85024,0.007053117630794875
Corporations,2653,12480,96414,50969,Argentina,2019,0,1,0,1.4935175334970368e-4,1.3840084871843546e-4,0.0033790410299388385,45445,1.278842179036425e-4
Individuals,161572,49916,348930,19298,Australia,2019,0,1,0,0.007289537183514419,0.023733236059691066,0.03165211122473367,329632,0.02734443534618668
Corporations,17316,369860,8517966,3956185,Australia,2019,0,1,0,0.011592598762498723,0.012227412240491805,0.022054833951911393,4561781,0.012837051280288175
Individuals,27187,10952,88539,7985,Austria,2019,0,1,0,0.003016216934934327,0.006022173465993142,0.005325959620892447,80554,0.0066823113195221395
Corporations,1862,18651,1018147,513167,Austria,2019,0,1,0,0.0015037060019071863,0.0014615347244189528,0.002371569693835702,504980,0.0014210358093735588
Individuals,3507,3803,23827,8526,Bahamas,2019,0,1,0,0.003220571770475901,0.0016206454463481472,6.87024695276044e-4,15301,0.0012692857648286646
Corporations,19226,77105,1284115,867678,Bahamas,2019,0,1,0,0.0025425107544382697,0.0018433277931843278,0.024487539706597856,416437,0.0011718719342312502
Individuals,1739,514,2906,381,Bahrain,2019,0,1,0,1.4391717623168172e-4,1.9765793709185863e-4,3.4067178359995453e-4,2525,2.094599409314671e-4
Corporations,311,866,162283,20228,Bahrain,2019,0,1,0,5.9273033937448365e-5,2.3295480876816505e-4,3.961107275955442e-4,142055,3.9974898392126603e-4
Individuals,1894,806,8095,2186,Barbados,2019,0,1,0,8.257295203214075e-4,5.505991055604252e-4,3.7103643366205515e-4,5909,4.901777389956591e-4
Corporations,1637,12029,2883981,542932,Barbados,2019,0,1,0,0.0015909248003622067,0.0041399114038193855,0.002084994408597768,2341049,0.006587814290661334
Individuals,38540,11174,99521,8468,Belgium,2019,0,1,0,0.003198663118976065,0.0067691381821468905,0.007550023312215209,91053,0.007553249901636782
Corporations,3204,12348,5811663,4772265,Belgium,2019,0,1,0,0.013983914638298251,0.008342554936684806,0.004080832061788179,1039398,0.0029249114384555
Individuals,6810,6168,42607,16821,Bermuda,2019,1,1,0,0.006353886670323145,0.00289800816437468,0.001334085593051001,25786,0.0021390629848945784
Corporations,14782,371432,11621653,10149988,Bermuda,2019,1,1,0,0.02974197069352846,0.016682708307000558,0.018827359406165062,1471665,0.004141329685139488
Individuals,91735,32435,197006,53763,Brazil,2019,0,1,0,0.02030818673423597,0.01339979337739804,0.017970975312559995,143243,0.011882641710434117
Corporations,3975,41469,444958,246617,Brazil,2019,0,1,0,7.226486954000249e-4,6.387305250695709e-4,0.005062830039203499,198341,5.581402500434889e-4
Individuals,935,588,6867,4804,British Virgin Islands,2019,1,1,0,0.001814640720779525,4.6707400344452623e-4,1.8316740521331657e-4,2063,1.7113499332341254e-4
Corporations,101501,306188,4976747,3209635,British Virgin Islands,2019,1,1,0,0.009405022952433364,0.007144045560363926,0.12927856900860235,1767112,0.004972730466897161
Individuals,658,63,346,47,Brunei,2019,0,1,0,1.775356242228095e-5,2.3533945710180004e-5,1.2890283703782064e-4,299,2.480337518356779e-5
Corporations,19,85,376,48,Brunei,2019,0,1,0,1.4065185035581974e-7,5.397423519212121e-7,2.419969075342553e-5,328,9.230063477257066e-7
Individuals,541952,182770,1817506,62269,Canada,2019,0,1,0,0.023521203797298135,0.12362164026568329,0.10616892148681,1755237,0.1456046884517725
Corporations,80154,770819,51058658,20999512,Canada,2019,0,1,0,0.061533754570192514,0.07329393658207661,0.10208957961316158,30059146,0.08458775172321276
Individuals,2273,3312,51602,39272,Cayman Islands,2019,1,1,1,0.014834423477613136,0.003509822735655227,4.452829005880947e-4,12330,0.001022828147201976
Corporations,157267,2993325,144604406,107851364,Cayman Islands,2019,1,1,1,0.31603112312498005,0.20757745263991975,0.20030593503784067,36753042,0.10342466787874847
Individuals,20038,9441,65970,27271,Chile,2019,0,1,0,0.010301221294000504,0.004487093637284899,0.003925463599641109,38699,0.003210253565982909
Corporations,7868,131572,949705,244820,Chile,2019,0,1,0,7.173830417523288e-4,0.0013632872615195071,0.010021219307786952,704885,0.0019835772238312034
Individuals,403762,38861,1100777,253131,China,2019,0,1,0,0.09561653211732762,0.07487175189888674,0.07909736669918623,847646,0.0703159925112057
Corporations,3971,84080,3222885,2356475,China,2019,0,1,0,0.006905053522233965,0.004626403004977648,0.005057735367465936,866410,0.002438115639429968
Individuals,29188,9691,65177,20351,Colombia,2019,0,1,0,0.007687292528847651,0.004433156010267058,0.005717957458145758,44826,0.0037185153711659187
Corporations,3838,45826,480502,171108,Colombia,2019,0,1,0,5.013886835559083e-4,6.897534031458676e-4,0.004888337532191957,309394,8.706482498422172e-4
Individuals,11453,4652,31337,8256,Costa Rica,2019,0,1,0,0.0031185832203904575,0.0021314544991904933,0.002243653788137021,23081,0.0019146712461937396
Corporations,1844,3129,135233,33936,Costa Rica,2019,0,1,0,9.944085820156455e-5,1.9412494009936508e-4,0.0023486436710166672,101297,2.850541890413747e-4
Individuals,4937,7620,31326,2855,Curacao,2019,0,1,0,0.001078434483310896,0.002130706310165025,9.6716307971994e-4,28471,0.0023617956349543763
Corporations,2532,6949,100095,67973,Curacao,2019,0,1,0,1.9917767133825282e-4,1.43684868924345e-4,0.0032249272098775496,32122,9.03927131147718e-5
Individuals,3384,1075,10896,3334,Cyprus,2019,0,1,0,0.0012593697258698868,7.411152383182697e-4,6.629288761945062e-4,7562,6.273014151777245e-4
Corporations,1901,6442,228758,72586,Cyprus,2019,0,1,0,2.1269490020682356e-4,3.28378672714874e-4,0.002421242743276944,156172,4.3947483944213123e-4
Individuals,23492,3509,29933,2714,Czech Republic,2019,0,1,0,0.001025173796044053,0.0020359583726671042,0.004602105543605597,27219,0.0022579366860251892
Corporations,842,3717,96390,14404,Czech Republic,2019,0,1,0,4.220727609427557e-5,1.3836639707895114e-4,0.0010724284007570682,81986,2.3071219031902372e-4
Individuals,16441,23580,210424,27871,Denmark,2019,0,1,0,0.010527862516412603,0.014312447954100915,0.003220807817232233,182553,0.015143580434400838
Corporations,4570,77627,4211505,1322236,Denmark,2019,0,1,0,0.003874477916814118,0.006045552164436021,0.005820662460166035,2889269,0.008130529351485075
Individuals,9250,5434,37164,14571,Dominican Republic,2019,0,1,0,0.00550398208627778,0.002527790631136213,0.0018120839553189072,22593,0.0018741894833523313
Corporations,485,680,17264,12761,Dominican Republic,2019,0,1,0,3.739288046647116e-5,2.478221266906331e-5,6.177289481795464e-4,4503,1.2671638975027003e-5
Individuals,196,133,951,12,East Timor,2019,0,1,0,4.532824448241944e-6,6.468434211092827e-5,3.8396589755946576e-5,939,7.789421169689014e-5
Corporations,4,0,125,102,East Timor,2019,0,1,0,2.9888518200611695e-7,1.7943562231423273e-7,5.094671737563269e-6,23,6.47230060905221e-8
Individuals,11303,2432,29256,1958,Egypt,2019,0,1,0,7.396058558048105e-4,0.0019899107390087462,0.002214268642915633,27298,0.0022644900861573027
Corporations,127,102,2972,265,Egypt,2019,0,1,0,7.765154238394214e-7,4.266261356143197e-6,1.617558276676338e-4,2707,7.617616412480145e-6
Individuals,12652,2607,19474,593,Finland,2019,0,1,0,2.239970748172894e-4,0.00132456664381516,0.0024785390489399798,18881,0.0015662626315750617
Corporations,3062,29449,1284140,472721,Finland,2019,0,1,0,0.0013851892365011138,0.0018433636803087904,0.0038999712151046827,811419,0.0022833685599550155
Individuals,99908,43992,385065,58038,France,2019,0,1,0,0.021923005443922162,0.02619103700835394,0.019572073925189337,327027,0.027128339050691046
Corporations,11585,63175,36211447,14404660,France,2019,0,1,0,0.042209210057217963,0.05198098821875084,0.01475544301991762,21806787,0.06136525251372688
Individuals,1492,245,7629,172,Gabon,2019,0,1,0,6.497048375813453e-5,5.18903097754229e-4,2.922842444687362e-4,7457,6.185911998122575e-4
Corporations,228,642,239351,46130,Gabon,2019,0,1,0,1.3517228868570758e-4,3.4358476509227135e-4,2.903962890411064e-4,193221,5.437323460789901e-4
Individuals,401701,67362,1026223,99147,Germany,2019,0,1,0,0.037451328797487,0.06980079875300016,0.07869361480384436,927076,0.0769050630491013
Corporations,31094,287768,29472672,9887207,Germany,2019,0,1,0,0.02897195748752111,0.042307577932666096,0.039603430751948075,19585465,0.05511435523829163
Individuals,22047,13945,75881,8223,Greece,2019,0,1,0,0.003106117953157792,0.005161211949231702,0.004319028644639562,67658,0.005612530963778694
Corporations,464,1002,83434,18891,Greece,2019,0,1,0,5.5355293855662305e-5,1.1976825369732554e-4,5.909819215573393e-4,64543,1.8162682530872037e-4
Individuals,11765,6106,35964,11890,Guatemala,2019,0,1,0,0.004491273557466393,0.002446170010176051,0.002304774890197507,24074,0.001997044997221441
Corporations,565,510,65559,7539,Guatemala,2019,0,1,0,2.2091131246510936e-5,9.410895970639027e-5,7.196223829308118e-4,58020,1.632708179726997e-4
Individuals,325,195,5640,2317,Guernsey,2019,0,1,0,8.75212853881382e-4,3.8361691851276073e-4,6.366781464633998e-5,3323,2.7565757770901594e-4
Corporations,10506,134697,1495423,895084,Guernsey,2019,0,1,0,0.0026228171004976783,0.002146657253024135,0.013381155318709927,600339,0.0016893802066686066
Individuals,8427,4853,24165,5983,Honduras,2019,0,1,0,0.002259990722819296,0.0016436352545852594,0.00165085745853756,18182,0.0015082774835706674
Corporations,212,300,90665,89457,Honduras,2019,0,1,0,2.621310953600118e-4,1.3014824557695928e-4,2.700176020908533e-4,1208,3.399364841623944e-6
Individuals,84971,53923,322960,83066,Hong Kong,2019,1,1,0,0.03137696630147211,0.021966829787744894,0.016645901164043554,239894,0.019900270522698365
Corporations,5306,128037,2775819,2147214,Hong Kong,2019,1,1,0,0.006291867129373356,0.003984646477573369,0.006758082059877677,628605,0.0017689219671101152
Individuals,11659,2205,21435,1181,Hungary,2019,0,1,0,4.4610547278114466e-4,0.0014579483419008912,0.002284009387574393,20254,0.0016801590667825485
Corporations,775,3747,1299256,1179841,Hungary,2019,0,1,0,0.0034572254119929315,0.001865062471244006,9.870926491528835e-4,119415,3.360390335782477e-4
Individuals,191553,36816,255901,15513,India,2019,0,1,0,0.005859808805464773,0.01740566543693865,0.0375254181506165,240388,0.019941250012132084
Corporations,3382,80810,6714936,208071,India,2019,0,1,0,6.096993990705368e-4,0.009639189759681957,0.004307544954109744,6506865,0.01831060274022631
Individuals,18384,2551,23185,2627,Indonesia,2019,0,1,0,9.92310818794299e-4,0.0015769784141344606,0.0036014433983332745,20558,0.0017053772141263767
Corporations,334,325,36306,32535,Indonesia,2019,0,1,0,9.533558231930406e-5,5.211671762992427e-5,4.25405090086533e-4,3771,1.061175895510256e-5
Individuals,1424,483,2911,117,Iraq,2019,0,1,0,4.419503837035895e-5,1.9799802301252598e-4,2.789629786350404e-4,2794,2.317746831534729e-4
Corporations,12,199,695,4,Iraq,2019,0,1,0,1.1720987529651644e-8,9.97662060067134e-7,1.528401521268981e-5,691,1.9445042264587294e-6
Individuals,76180,10441,124430,6794,Ireland,2019,0,1,0,0.002566334108446314,0.00846337822172745,0.014923735753102092,117636,0.009758427568876857
Corporations,21429,1413274,40272087,26241396,Ireland,2019,0,1,0,0.07689376881916264,0.057809975941903374,0.027293430166060825,14030691,0.03948297821944494
Individuals,74393,32151,343919,115037,Israel,2019,0,1,0,0.04345354383770071,0.023392401949998254,0.014573660723031293,228882,0.018986776316941012
Corporations,13971,111299,1549405,889475,Israel,2019,0,1,0,0.0026063813457342243,0.00222414760313427,0.01779441471137411,659930,0.0018570718873616632
Individuals,88610,14806,311735,26922,Italy,2019,0,1,0,0.010169391649630802,0.021203336895846716,0.017358784787114417,284813,0.023626500656045126
Corporations,5466,95578,2499900,572412,Italy,2019,0,1,0,0.0016773084784557392,0.003588568897786803,0.006961868929380208,1927488,0.005424035546235143
Individuals,1090,127,969,217,Ivory Coast,2019,0,1,0,8.196857543904182e-5,6.59086514253307e-5,2.1353205527541717e-4,752,6.238173290315377e-5
Corporations,13,3,4893,4882,Ivory Coast,2019,0,1,0,1.4305465279939832e-5,7.023827999868326e-6,1.6557683147080626e-5,11,3.0954481173727965e-8
Individuals,5429,2584,18197,2361,Jamaica,2019,0,1,0,8.918332101916025e-4,0.0012377086996767212,0.0010635463560460915,15836,0.00131366638597652
Corporations,664,809,164825,158218,Jamaica,2019,0,1,0,4.63617801241606e-4,2.3660381158354727e-4,8.457155084355027e-4,6607,1.859238701043824e-5
Individuals,278890,23559,878558,35044,Japan,2019,0,1,0,0.013237358330349223,0.05975704125793157,0.05463482100528541,843514,0.06997322479796655
Corporations,16587,292641,64192361,25658303,Japan,2019,0,1,0,0.07518516237375585,0.09214716995083906,0.02112633002774049,38534058,0.10843652480984922
Individuals,543,817,163032,160083,Jersey,2019,0,1,0,0.060469011345659594,0.01108897756364759,1.0637422570142342e-4,2949,2.446326201215432e-4
Corporations,5073,63426,801983,506424,Jersey,2019,0,1,0,0.001483947347179076,0.0011512345495234824,0.0064613174311646164,295559,8.317159546568967e-4
Individuals,57479,19250,168822,16663,"Korea, Republic of (South)",2019,0,1,0,0.006294204481754626,0.011482797059780371,0.011260191747867618,152159,0.012622263426610339
Corporations,4141,332644,5529454,1907941,"Korea, Republic of (South)",2019,0,1,0,0.005590738167077772,0.007937448156383387,0.0052742589163123745,3621513,0.010191095998082825
Individuals,3820,1891,11386,4163,Kuwait,2019,0,1,0,0.0015725123481692678,7.744436585436691e-4,7.48341698304673e-4,7223,5.99179862712074e-4
Corporations,621,2348,95360,81881,Kuwait,2019,0,1,0,2.3993154497885157e-4,1.3688784755108187e-4,7.909477872566976e-4,13479,3.793049561278902e-5
Individuals,3563,1322,10268,908,Latvia,2019,0,1,0,3.4298371658364045e-4,6.984004466824516e-4,6.979951494920288e-4,9360,7.764534840073395e-4
Corporations,274,946,15359,4755,Latvia,2019,0,1,0,1.3933323925873392e-5,2.2047613784994402e-5,3.4898501402308397e-4,10604,2.984011985147376e-5
Individuals,403,170,1275,310,Liberia,2019,0,1,0,1.1709796491291688e-4,8.672190977017197e-5,7.894809016146158e-5,965,8.005102693024387e-5
Corporations,612,2803,177955,95650,Liberia,2019,0,1,0,2.8027811430279495e-4,2.554517293514343e-4,7.794847758471802e-4,82305,2.3160987027306184e-4
Individuals,280,140,1252,456,Liechtenstein,2019,0,1,0,1.7224732903319389e-4,8.515751453510221e-5,5.4852271079923675e-5,796,6.603172791344468e-5
Corporations,613,8299,49410,16787,Liechtenstein,2019,0,1,0,4.919005441506554e-5,7.09273127883699e-5,7.807584437815711e-4,32623,9.180254903004795e-5
Individuals,3074,805,13959,3926,Luxembourg,2019,0,1,0,0.0014829890653164893,9.494518733190829e-4,6.021995760703049e-4,10033,8.3228181677838e-4
Corporations,28199,1568582,37831385,25535286,Luxembourg,2019,0,1,0,0.07482469219302205,0.05430638488387463,0.03591616208188666,12296099,0.034601760455072295
Individuals,1503,941,4957,1667,Macau,2019,0,1,0,6.296848629349434e-4,3.3716118174960196e-4,2.944391551183046e-4,3290,2.7292008145129776e-4
Corporations,62,202,14773,14134,Macau,2019,0,1,0,4.141610943602408e-5,2.120641958758528e-5,7.896741193223068e-5,639,1.7981739518192882e-6
Individuals,62758,9087,44816,8528,Malaysia,2019,0,1,0,0.003221327241217275,0.0030482581241255114,0.012294352958692321,36288,0.0030102504303053776
Corporations,669,2706,62322,36641,Malaysia,2019,0,1,0,1.0736717601849148e-4,8.946229483094089e-5,8.520838481074568e-4,25681,7.226745736568254e-5
Individuals,2753,1644,17625,4884,Malta,2019,0,1,0,0.0018448595504344711,0.0011988028703523773,5.393153652965353e-4,12741,0.0010569224187753753
Corporations,1619,13062,175569,129244,Malta,2019,0,1,0,3.7871682807057427e-4,2.520266621927002e-4,0.0020620683857787334,46325,1.3036057639754072e-4
Individuals,144,56,382,140,Marshall Islands,2019,0,1,0,5.2882951896156014e-5,2.5982564338984858e-5,2.8209739412532176e-5,242,2.0074972556600017e-5
Corporations,1684,2231,266394,40314,Marshall Islands,2019,0,1,0,1.1812997281759409e-4,3.8240458536622173e-4,0.0021448568015141364,226080,6.361990094324016e-4
Individuals,1354,302,3107,1419,Mauritius,2019,0,1,0,5.360064910046099e-4,2.1132939110268576e-4,2.652499108650595e-4,1688,1.4002708130388773e-4
Corporations,706,1785,55336,31244,Mauritius,2019,0,1,0,9.155263359410899e-5,7.943399677104306e-5,8.992095616799171e-4,24092,6.779594185795038e-5
Individuals,298541,149009,1063580,317795,Mexico,2019,0,1,0,0.12004241212742071,0.07234171670067413,0.058484470930255335,745785,0.06186617110795018
Corporations,8477,184385,5723278,947236,Mexico,2019,0,1,0,0.0027756353359092763,0.008215679596858858,0.010796883079830958,4776042,0.013439991106721278
Individuals,1550,5370,32189,10070,Monaco,2019,0,1,0,0.003803795182816365,0.0021894051400722083,3.0364650062100605e-4,22119,0.0018348690825596519
Corporations,196,2735,42927,6456,Monaco,2019,0,1,0,1.8917673872857755e-5,6.162106367266455e-5,2.496389151406002e-4,36471,1.026309893533666e-4
Individuals,3812,719,7544,911,Morocco,2019,0,1,0,3.4411692269570093e-4,5.131216371028842e-4,7.467744905595323e-4,6633,5.50236747801355e-4
Corporations,60,10,487,45,Morocco,2019,0,1,0,1.31861109708581e-7,6.990811845362507e-7,7.642007606344904e-5,442,1.243807334435251e-6
Individuals,76589,20605,154463,12826,Netherlands,2019,0,1,0,0.004844833864429265,0.010506138312807901,0.015003859249072408,141637,0.011749416892558498
Corporations,11228,142842,18124382,6683197,Netherlands,2019,0,1,0,0.01958341717380132,0.026017278105847023,0.014300743567340098,11441185,0.03219599506251262
Individuals,28354,6030,51133,2777,New Zealand,2019,0,1,0,0.0010489711243973233,0.0034779226762966303,0.005554576050714842,48356,0.004011344516309712
Corporations,3152,9491,181315,49528,New Zealand,2019,0,1,0,1.4512926759214666e-4,2.6027495887924083e-4,0.004014601329199856,131787,3.7085438276746247e-4
Individuals,10478,4163,22280,749,Nigeria,2019,0,1,0,2.8292379264443465e-4,0.0015154228624936717,0.002052650344198001,21531,0.001786091876513037
Corporations,198,470,6844,5825,Nigeria,2019,0,1,0,1.7068688090055207e-5,9.82445919294887e-6,2.5218625100938185e-4,1019,2.867510574184436e-6
Individuals,26081,12129,75009,750,Norway,2019,0,1,0,2.833015280151215e-4,0.005101900964667318,0.005109293150126748,74259,0.0061601131697543825
Corporations,2079,36241,997025,481561,Norway,2019,0,1,0,0.0014110926189416439,0.001431214410702783,0.002647955635598509,515464,0.0014505382439758646
Individuals,1499,286,2305,1129,Oman,2019,0,1,0,4.264632335054296e-4,1.5677960942764424e-4,2.9365555124573426e-4,1176,9.755441209322983e-5
Corporations,80,4264,38662,10532,Oman,2019,0,1,0,3.086136016557278e-5,5.549872023930293e-5,1.0189343475126539e-4,28130,7.91590504924516e-5
Individuals,8342,3869,26593,10681,Panama,2019,0,1,0,0.004034591494306017,0.0018087809776613202,0.0016342058762454405,15912,0.0013199709228124772
Corporations,27864,48498,708219,471906,Panama,2019,0,1,0,0.0013828010852919472,0.0010166377359981087,0.035489483323865735,236313,6.649951190551979e-4
Individuals,12725,3791,35771,17384,Peru,2019,0,1,0,0.00656655168401983,0.0024330426936382916,0.0024928398196143887,18387,0.001525283142141341
Corporations,1408,49721,287063,93170,Peru,2019,0,1,0,2.730111020344109e-4,4.120746243871247e-4,0.0017933244516222708,193893,5.456233834743306e-4
Individuals,34832,18850,92246,7983,Philippines,2019,0,1,0,0.0030154614641929533,0.006274313167575909,0.006823622522342506,84263,0.0069899893080032525
Corporations,525,6751,257274,143495,Philippines,2019,0,1,0,4.204757763918407e-4,3.693129623621753e-4,6.686756655551791e-4,113779,3.2017908304232673e-4
Individuals,49763,25974,126475,4978,Poland,2019,0,1,0,0.001880366675279033,0.008602473363280393,0.009748619877679436,121497,0.010078714631029885
Corporations,1075,9557,130976,13890,Poland,2019,0,1,0,4.070112919671533e-5,1.8801408054583155e-4,0.0013691930294701287,117086,3.294851257006466e-4
Individuals,15393,8411,59013,10571,Portugal,2019,0,1,0,0.003993040603530466,0.00401389808726836,0.0030155036026188044,48442,0.00401847859746619
Corporations,629,3728,133034,66803,Portugal,2019,0,1,0,1.957492824858297e-4,1.909683086316131e-4,8.011371307318241e-4,66231,1.8637693114701608e-4
Individuals,2657,2876,18593,90,Puerto Rico,2019,0,1,0,3.399618336181458e-5,0.0012646435045935746,5.205088723548471e-4,18503,0.0015349058562593805
Corporations,7520,12818,812674,643982,Puerto Rico,2019,0,1,0,0.0018870262478300312,0.001166581319428774,0.009577982866618947,168692,4.747066671053198e-4
Individuals,2636,754,5381,1941,Qatar,2019,0,1,0,7.331843545031344e-4,3.6600046782219245e-4,5.163949520238529e-4,3440,2.853632462591077e-4
Corporations,160,7838,71024,19651,Qatar,2019,0,1,0,5.758228148629612e-5,1.0195388511396852e-4,2.0378686950253078e-4,51373,1.445658692125388e-4
Individuals,12171,1825,18481,5274,Romania,2019,0,1,0,0.0019921763450023344,0.0012570255799706262,0.0023843106832633965,13207,0.001095579184111638
Corporations,500,1362,22239,8113,Romania,2019,0,1,0,2.3773092957015946e-5,3.1923750437169775e-5,6.368339671954087e-4,14126,3.975118191455284e-5
Individuals,203794,7234,163242,53505,Russia,2019,0,1,0,0.020210731008598767,0.011103261172315618,0.03992344190164988,109737,0.009103170510097586
Corporations,1038,1415,199916,52567,Russia,2019,0,1,0,1.540342878677995e-4,2.869764149645772e-4,0.0013220673158976684,147349,4.1464653149705835e-4
Individuals,14443,5073,48510,25896,Saudi Arabia,2019,0,1,0,0.009781835159306116,0.0032995136023145433,0.002829397682883349,22614,0.0018759315264254247
Corporations,595,28118,812456,163694,Saudi Arabia,2019,0,1,0,4.7966383316969905e-4,0.0011662683837034581,7.578324209625364e-4,648762,0.0018256446468391003
Individuals,1035,317,2685,242,Senegal,2019,0,1,0,9.141195970621254e-5,1.8262613939836215e-4,2.0275750202757503e-4,2443,2.026576775031977e-4
Corporations,42,10,114393,2703,Senegal,2019,0,1,0,7.9204573231621e-6,1.642094331471362e-4,5.349405324441433e-5,111690,3.143005456630615e-4
Individuals,137594,48443,255123,74252,Singapore,2019,0,1,0,0.028047606744238403,0.017352748067682812,0.02695479781061078,180871,0.015004051079689263
Corporations,5263,111927,2769307,1211876,Singapore,2019,0,1,0,0.003551095870871029,0.003975298599393287,0.006703314338698872,1557431,0.004382678960807302
Individuals,36220,8848,66626,4281,South Africa,2019,0,1,0,0.0016170851219103135,0.004531712910076454,0.007095533066124413,62345,0.0051717940662860664
Corporations,5459,18418,317197,47091,South Africa,2019,0,1,0,1.379882559397064e-4,4.553315287296614e-4,0.006952953253839472,270106,7.600900992646332e-4
Individuals,91151,21990,190624,29919,Spain,2019,0,1,0,0.011301464555579227,0.012965707708258245,0.017856569147164724,160705,0.013331192002927296
Corporations,8407,156079,4892998,1112040,Spain,2019,0,1,0,0.0032585517431184536,0.007023825128898369,0.010707726324423602,3780958,0.010639781202696012
Individuals,367,238,4643,3349,St Kitts & Nevis,2019,0,1,0,0.0012650357564301892,3.158037859316929e-4,7.189565530832853e-5,1294,1.0734303507537364e-4
Corporations,8956,9122,125164,86179,St Kitts & Nevis,2019,0,1,0,2.525257460794623e-4,1.79671041850709e-4,0.01140697002040416,38985,1.0970549532343497e-4
Individuals,29921,12171,86866,3256,Sweden,2019,0,1,0,0.001229906366956314,0.00590838071693785,0.005861552867794273,83610,0.006935820063873254
Corporations,4496,108626,5949410,1493346,Sweden,2019,0,1,0,0.004375872460863791,0.008540288686020154,0.005726411033021115,4456064,0.012539559017902447
Individuals,63332,40349,561067,50419,Switzerland,2019,0,1,0,0.019045039654659215,0.03816219745021261,0.012406800114406166,510648,0.042360514818523494
Corporations,15112,244678,29648619,14254522,Switzerland,2019,0,1,0,0.041769268650786257,0.042560147208180674,0.019247669824514032,15394097,0.04331966234300383
Individuals,188870,40052,279033,107780,Taiwan,2019,0,1,0,0.040712318252626396,0.018979038940314035,0.036999815853089944,171253,0.01420619535221249
Corporations,5614,225766,9675686,8421341,Taiwan,2019,0,1,0,0.024676608210986026,0.013889301909816874,0.007150371783670049,1254345,0.003529781698896346
Individuals,32251,6953,58520,9542,Thailand,2019,0,1,0,0.0036043509070937192,0.00398036561549056,0.006318002123566494,48978,0.004062942173046097
Corporations,609,16786,165946,109643,Thailand,2019,0,1,0,3.212810589283988e-4,2.3821299024446132e-4,7.756637720440077e-4,56303,1.5843910486585506e-4
Individuals,7825,2642,19603,6219,Trinidad and Tobago,2019,0,1,0,0.0023491362703013875,0.0013333408605683775,0.0015329250757157241,13384,0.0011102621185848538
Corporations,1170,6367,127733,101437,Trinidad and Tobago,2019,0,1,0,2.972354530113185e-4,1.8335880276051112e-4,0.0014901914832372563,26296,7.399809426766823e-5
Individuals,20515,6682,53540,5585,Turkey,2019,0,1,0,0.0021096520452859382,0.0036416400385058884,0.004018908361445122,47955,0.003978079789056834
Corporations,716,13197,121076,44254,Turkey,2019,0,1,0,1.2967514553430097e-4,1.7380277925854433e-4,9.119462410238252e-4,76822,2.1618046842982998e-4
Individuals,25142,8782,52437,16094,United Arab Emirates,2019,0,1,0,0.006079273055833821,0.003566617084406673,0.004925342141040861,36343,0.003014812924068241
Corporations,1682,11923,302671,96190,United Arab Emirates,2019,0,1,0,2.818604476192979e-4,4.3447967393176905e-4,0.002142309465645355,206481,5.810465661120476e-4
Individuals,502870,169976,1822005,163336,United Kingdom,2019,0,1,0,0.061697784506503844,0.12392764957709976,0.0985127198498615,1658669,0.13759394485736856
Corporations,50196,515631,138132964,35457368,United Kingdom,2019,0,1,0,0.10389884204056732,0.19828779485959605,0.06393303563468147,102675596,0.28893361848939075
Individuals,15690,3514,61918,47311,Uruguay,2019,0,1,0,0.01787103812256455,0.004211488007176085,0.0030736861901571517,14607,0.0012117153889845307
Corporations,3265,5514,101594,75420,Uruguay,2019,0,1,0,2.2099921987158176e-4,1.4583666090713728e-4,0.004158525805786018,26174,7.365478093101416e-5
Individuals,715,1572,12413,31,U.S. Virgin Islands,2019,0,1,0,1.170979649129169e-5,8.442973066487409e-4,1.4006919222194796e-4,12382,0.0010271417776686834
Corporations,2315,6105,110128,40531,U.S. Virgin Islands,2019,0,1,0,1.187658363910777e-4,1.5808708971377458e-4,0.002948541268114742,69597,1.9584900238617684e-4
Individuals,92818,11115,247981,179061,Venezuela,2019,0,1,0,0.06763767321055422,0.016866969338601583,0.018183136061058414,68920,0.005717219457028401
Corporations,3093,953,66314,60673,Venezuela,2019,0,1,0,1.7778686909663855e-4,9.519275086516824e-5,0.003939454921070798,5641,1.5874020754636312e-5
Individuals,10501,3218,18002,1672,Vietnam,2019,0,1,0,6.315735397883776e-4,0.0012244453487706948,0.0020571560664652804,16330,0.0013546458754102408
Corporations,138,135,2406,313,Vietnam,2019,0,1,0,9.171672741952412e-7,3.4537768583043516e-6,1.757661749459328e-4,2093,5.8897935542375115e-6
Individuals,112222,20599,215311,129447,Argentina,2020,0,1,0,0.04763988491085302,0.00925148205209646,0.01665341233793745,85864,0.004177089851117473
Corporations,2672,6297,52380,26855,Argentina,2020,0,1,0,9.938761353212154e-5,8.762677045013176e-5,0.003266659412857092,25525,7.792521217745427e-5
Individuals,209431,47757,363331,33775,Australia,2020,0,1,0,0.012430084226471533,0.015611604727441974,0.031078939952474363,329556,0.016032155769296445
Corporations,16077,341630,6099926,2426536,Australia,2020,0,1,0,0.00898036202531298,0.010204597467827233,0.019654971325038725,3673390,0.011214483649776247
Individuals,29711,16125,212598,6130,Austria,2020,0,1,0,0.002256000482850348,0.009134909880645222,0.004409024380000888,206468,0.010044202312733187
Corporations,1810,18597,715284,206554,Austria,2020,0,1,0,7.644352681256314e-4,0.0011966022694664385,0.0022128194376015483,508730,0.0015531006147320788
Individuals,3034,3340,31778,18000,Bahamas,2020,0,1,0,0.006624471238386014,0.0013654369570134425,4.5023661165637953e-4,13778,6.70268610461853e-4
Corporations,19607,88825,1379247,916523,Bahamas,2020,0,1,0,0.0033919580605958157,0.0023073493750101733,0.023970580504449477,462724,0.0014126490060568206
Individuals,2824,503,2695,609,Bahrain,2020,0,1,0,2.2412794356539348e-4,1.1579874753449643e-4,4.190732337895899e-4,2086,1.0147919301955473e-4
Corporations,270,598,69977,18175,Bahrain,2020,0,1,0,6.726381962190687e-5,1.170648819356409e-4,3.3008908737702656e-4,51802,1.5814620337772716e-4
Individuals,1900,632,6984,1625,Barbados,2020,0,1,0,5.980425423542929e-4,3.0008847969607535e-4,2.819543711757156e-4,5359,2.607032576183096e-4
Corporations,1468,5370,1554639,362402,Barbados,2020,0,1,0,0.0013412128065264535,0.0026007635507029857,0.001794706593590648,1192237,0.003639777519718376
Individuals,47514,9948,99343,7680,Belgium,2020,0,1,0,0.002826441061711366,0.004268569564497024,0.007050936837917343,91663,0.004459198115892352
Corporations,2927,13933,1287030,322677,Belgium,2020,0,1,0,0.0011941946368163984,0.002153079083093415,0.0035784102176020616,964353,0.002944070994670502
Individuals,7870,5903,49894,11335,Bermuda,2020,1,1,0,0.004171576749283637,0.002143845161219356,0.0011678846848173063,38559,0.0018758083430685576
Corporations,12610,277179,10656155,9256235,Bermuda,2020,1,1,0,0.03425638082079676,0.01782673631282978,0.01541638293268261,1399920,0.0042738124596067295
Individuals,171624,34934,200154,39337,Brazil,2020,0,1,0,0.014477045839132813,0.008600216146203932,0.025468493157190006,160817,0.007823384172495559
Corporations,5620,38006,322143,174694,Brazil,2020,0,1,0,6.465246605243135e-4,5.389146756990607e-4,0.0068707432261440335,147449,4.501467036377455e-4
Individuals,2332,2001,24899,12302,British Virgin Islands,2020,1,1,0,0.00452745806525693,0.0010698601168316981,3.4606189135882566e-4,12597,6.128156253438787e-4
Corporations,103383,266948,3531492,2381303,British Virgin Islands,2020,1,1,0,0.008812959309882018,0.005907851065873935,0.12639111155666347,1150189,0.003511409279889283
Individuals,784,91,449,101,Brunei,2020,0,1,0,3.7170644170943744e-5,1.9292629923186974e-5,1.1634327736934792e-4,348,1.6929414751105008e-5
Corporations,27,156,1347,30,Brunei,2020,0,1,0,1.1102693747770047e-7,2.2534032034426782e-6,3.3008908737702654e-5,1317,4.020666187569335e-6
Individuals,528375,140524,2104065,69630,Canada,2020,0,1,0,0.025625662907156562,0.09040745518781826,0.07840928466840459,2034435,0.0989706721240354
Corporations,79598,693134,43606785,16678946,Canada,2020,0,1,0,0.06172707649119808,0.07295001411346409,0.09731270806309836,26927839,0.08220793604526261
Individuals,4029,8132,89614,40695,Cayman Islands,2020,1,1,1,0.014976825391451046,0.003850533937497723,5.97891663929978e-4,48919,0.0023797989661186953
Corporations,184356,2488202,98292459,83207300,Cayman Islands,2020,1,1,1,0.3079417231596089,0.16443395841489095,0.22538482886103373,15085159,0.046053446260749614
Individuals,25427,10194,76415,22167,Chile,2020,0,1,0,0.008158036330072376,0.003283399366548625,0.0037732914715183793,54248,0.002639042791430875
Corporations,9164,89323,659191,208909,Chile,2020,0,1,0,7.731508827176309e-4,0.001102764002286995,0.011203468136011375,450282,0.0013746648536606646
Individuals,416880,39820,3831916,216008,China,2020,0,1,0,0.07949659907007145,0.16464974896378382,0.06186375697670122,3615908,0.17590576503976613
Corporations,3812,140658,3402308,1607178,China,2020,0,1,0,0.005948001710717857,0.005691738490199444,0.0046603688928934265,1795130,0.00548034813461757
Individuals,33720,9846,74832,18480,Colombia,2020,0,1,0,0.006801123804742975,0.003215381029870663,0.0050039481031816475,56352,0.0027413976438341076
Corporations,3961,38848,276180,133175,Colombia,2020,0,1,0,4.92867079953092e-4,4.620229374363763e-4,0.004842529167038526,143005,4.365796265401311e-4
Individuals,13214,5557,30481,7298,Costa Rica,2020,0,1,0,0.0026858550609856185,0.0013097074670126107,0.0019609184530083716,23183,0.0011278006384335272
Corporations,1834,2844,61918,44725,Costa Rica,2020,0,1,0,1.655226592896718e-4,1.0358293953286099e-4,0.0022421606898128396,17193,5.248846906824569e-5
Individuals,4055,7524,30915,3270,Curacao,2020,0,1,0,0.0012034456083067926,0.001328355577005179,6.017499869039615e-4,27645,0.0013448668700985573
Corporations,2036,5457,82646,47829,Curacao,2020,0,1,0,1.7701024642069785e-4,1.3825891696490244e-4,0.002489116229257874,34817,1.0629273701792067e-4
Individuals,6685,4653,236518,3246,Cyprus,2020,0,1,0,0.0011946129799889444,0.010162704330005204,9.920341954261361e-4,233272,0.011348156430516574
Corporations,2021,5965,604246,47300,Cyprus,2020,0,1,0,1.750524714231744e-4,0.0010108462301911096,0.002470777946625817,556946,0.0017002991271845031
Individuals,42625,3929,114019,1849,Czech Republic,2020,0,1,0,6.804804066542077e-4,0.004899167864614378,0.006325423721770988,112170,0.005456817392619106
Corporations,860,3071,102254,11806,Czech Republic,2020,0,1,0,4.369280079539106e-5,1.7106124065688761e-4,0.001051394870904603,90448,2.7612848544667515e-4
Individuals,20342,24160,238489,35348,Denmark,2020,0,1,0,0.01300898940747049,0.010247394248888504,0.0030186925360296876,203141,0.009882351269983398
Corporations,4560,71109,4322675,1108694,Denmark,2020,0,1,0,0.004103163313996722,0.007231425161426562,0.005574837920145337,3213981,0.009811954999385177
Individuals,10742,6164,38878,12094,Dominican Republic,2020,0,1,0,0.00445090861983558,0.0016705097241729691,0.0015940809764050194,26784,0.0013029811629126338
Corporations,440,460,10680,7980,Dominican Republic,2020,0,1,0,2.9533165369068326e-5,1.78666267355366e-5,5.379229572070062e-4,2700,8.242823619162646e-6
Individuals,144,68,880,8,East Timor,2020,0,1,0,2.944209439282673e-6,3.7811835929631486e-5,2.1369173394370024e-5,872,4.242083236483784e-5
Corporations,NA,NA,NA,0,East Timor,2020,0,1,0,0,NA,NA,NA,NA
Individuals,14406,5665,40423,17226,Ecuador,2020,0,1,0,0.006339618975135415,0.0017368952770266972,0.002137807721661768,23197,0.0011284817068430543
Corporations,597,554,60738,8193,Ecuador,2020,0,1,0,3.032145662516e-5,1.016089114853017e-4,7.298636487558697e-4,52545,1.6041450632181526e-4
Individuals,12971,7100,37562,5752,El Salvador,2020,0,1,0,0.0021168865868442417,0.0016139638422600204,0.001924857972905372,31810,0.0015474847219329032
Corporations,305,2616,51812,2451,El Salvador,2020,0,1,0,9.070900791928128e-6,8.667656033910322e-5,3.7287841351849293e-4,49361,1.506940802464768e-4
Individuals,15338,2654,31952,324,Finland,2020,0,1,0,1.1924048229094824e-4,0.0013729133882086197,0.0022761137605753295,31628,0.0015386308326090494
Corporations,3073,28529,1399997,403537,Finland,2020,0,1,0,0.0014934492422979606,0.002342062156354966,0.00375690283522075,996460,0.0030420903790928924
Individuals,128617,49367,531982,16031,France,2020,0,1,0,0.005899827690142566,0.022858200115360473,0.019086381767108956,515951,0.02509985192599822
Corporations,11532,64225,40113324,15520973,France,2020,0,1,0,0.05744153662880257,0.06710578530240094,0.014098471687525444,24592351,0.07507793024945855
Individuals,1491,355,6839,88,Gabon,2020,0,1,0,3.23863038321094e-5,2.938581203667611e-4,2.212599828542063e-4,6751,3.2842091662272965e-4
Corporations,418,65,266154,43923,Gabon,2020,0,1,0,1.6255453916110127e-4,4.4525039065262256e-4,5.110268093466559e-4,222231,6.78448494707457e-4
Individuals,415762,59161,928851,66461,Germany,2020,0,1,0,0.024459387943020716,0.039910865471675154,0.06169784908881993,862390,0.04195332754944094
Corporations,33610,443908,27427585,7072398,Germany,2020,0,1,0,0.026174223018780463,0.045883747514251186,0.04108997861756245,20355187,0.06214230228743423
Individuals,25094,13709,73590,5247,Greece,2020,0,1,0,0.001931033365989523,0.003162014779615433,0.0037238752580438985,68343,0.003324732736594166
Corporations,612,1231,86554,8323,Greece,2020,0,1,0,3.0802573354230034e-5,1.447966301935988e-4,7.482019313879268e-4,78231,2.3883123501878254e-4
Individuals,13674,7465,38687,11573,Guatemala,2020,0,1,0,0.004259166980102296,0.0016623028370564242,0.002029181090240387,27114,0.001319034918280061
Corporations,550,359,6396,5125,Guatemala,2020,0,1,0,1.8967101819107165e-5,1.0699901179821358e-5,6.724036965087577e-4,1271,3.880232896279897e-6
Individuals,319,342,15598,11809,Guernsey,2020,0,1,0,0.004346021158561136,6.702147918527181e-4,4.733865495002804e-5,3789,1.8432630026418644e-4
Corporations,10075,125386,1302351,762611,Guernsey,2020,0,1,0,0.002822345460560221,0.00217870966251431,0.012317213167864972,539740,0.0016477709704469802
Individuals,171415,58557,393080,83087,Hong Kong,2020,1,1,0,0.03057819121020993,0.016889859621840392,0.02543747817636068,309993,0.015080459962469239
Corporations,5649,183145,3205259,2212014,Hong Kong,2020,1,1,0,0.008186438002593272,0.005362094208213419,0.006906197239232677,993245,0.0030322753131908154
Individuals,20967,2694,57737,23758,Hungary,2020,0,1,0,0.008743565982309718,0.0024808431489421966,0.003111440684442752,33979,0.0016530016776660837
Corporations,859,3548,1962545,1705721,Hungary,2020,0,1,0,0.006312699294046691,0.00328315158864173,0.0010501723187291325,256824,7.840573826547508e-4
Individuals,250662,49286,751634,11377,India,2020,0,1,0,0.004187033848839871,0.03229620623537799,0.037197498204024855,740257,0.03601183268795615
Corporations,3563,85356,6952862,126942,India,2020,0,1,0,4.697993832431418e-4,0.011631478473567087,0.00435595340120128,6825920,0.02083883503648692
Individuals,18963,2610,23325,2645,Indonesia,2020,0,1,0,9.734292458628337e-4,0.0010022284921121073,0.0028140530213711028,20680,0.001006035336358769
Corporations,395,521,28245,23216,Indonesia,2020,0,1,0,8.592004601607646e-5,4.725120525704413e-5,4.829081093108351e-4,5029,1.535302221509961e-5
Individuals,2391,1746,12168,175,Iran,2020,0,1,0,6.440458148430847e-5,5.228345677179045e-4,3.5481731656901894e-4,11993,5.834323882471333e-4
Corporations,17,39,137704,2919,Iran,2020,0,1,0,1.0802921016580255e-5,2.3036572733991874e-4,2.0783386982997968e-5,134785,4.1148480796623596e-4
Individuals,766,253,1483,18,Iraq,2020,0,1,0,6.624471238386014e-6,6.372153714050397e-5,1.1367213069505166e-4,1465,7.126894428266908e-5
Corporations,11,37,143,NA,Iraq,2020,0,1,0,NA,2.392254328821848e-7,1.3448073930175156e-5,NA,NA
Individuals,99099,11948,1293652,343521,Ireland,2020,0,1,0,0.1264247213489779,0.055585633152317765,0.01470599801533802,950131,0.0462217292151786
Corporations,23269,1447348,36701895,19518557,Ireland,2020,0,1,0,0.0722361869231311,0.06139878824455591,0.028447566571022334,17183338,0.05245897197127963
Individuals,91902,33148,344082,115100,Israel,2020,0,1,0,0.042359813307679454,0.01478451378447666,0.013637984536731903,228982,0.011139457610740021
Corporations,16706,87318,1526723,751610,Israel,2020,0,1,0,0.0027816318825871485,0.002554062731232083,0.02042395664340965,775113,0.002366340645896302
Individuals,105791,15965,356470,21789,Italy,2020,0,1,0,0.00801892243406627,0.015316801311176973,0.015699070990026383,334681,0.01628147545492694
Corporations,5644,84996,1984240,498518,Italy,2020,0,1,0,0.001844964227250276,0.0033194452653296956,0.006900084478355325,1485722,0.004535757182633172
Individuals,654,124,866,53,Ivory Coast,2020,0,1,0,1.9505387535247708e-5,3.721028399438735e-5,9.705166249943052e-5,813,3.9550615496116015e-5
Corporations,13,3,32,NA,Ivory Coast,2020,0,1,0,NA,5.3532964001607796e-8,1.5893178281116092e-5,NA,NA
Individuals,5930,2858,25803,1698,Jamaica,2020,0,1,0,6.249084534877473e-4,0.0011087031846503195,8.799944321431544e-4,24105,0.0011726538579752478
Corporations,544,523,114375,110736,Jamaica,2020,0,1,0,4.0982263161768796e-4,1.913385236776216e-4,6.65068383455935e-4,3639,1.110949450004921e-5
Individuals,322324,34896,1227342,54699,Japan,2020,0,1,0,0.020130664014915364,0.052736425379029284,0.04783192670254808,1172643,0.057046435925229975
Corporations,15659,154243,50005284,24522805,Japan,2020,0,1,0,0.09075639791709468,0.08365409588319295,0.01914394451569207,25482479,0.077795399917043
Individuals,591,1291,156443,151674,Jersey,2020,0,1,0,0.05582000281172001,0.006722042100385612,8.770264913939364e-5,4769,2.3200108893109135e-4
Corporations,5204,53794,822636,614611,Jersey,2020,0,1,0,0.0022746125690035653,0.0013761919804508322,0.006362161521148319,208025,6.350790308801145e-4
Individuals,59214,19731,177326,18559,"Korea, Republic of (South)",2020,0,1,0,0.00683019787295589,0.007619342747792992,0.008787182176209907,158767,0.0077236562982433594
Corporations,4707,238853,4217497,1945093,"Korea, Republic of (South)",2020,0,1,0,0.007198590629977095,0.007055472346184027,0.005754553089939496,2272404,0.006937416801288767
Individuals,5728,2286,14440,4865,Kuwait,2020,0,1,0,0.0017904473652637753,6.20457853208953e-4,8.500182305760521e-4,9575,4.65802144373076e-4
Corporations,588,2375,50885,40815,Kuwait,2020,0,1,0,1.5105214843841148e-4,8.512577728818165e-5,7.188606791766356e-4,10070,3.074267920183994e-5
Individuals,245,172,1062,175,Liberia,2020,0,1,0,6.440458148430847e-5,4.563201108780527e-5,3.635727417792122e-5,887,4.315054851790271e-5
Corporations,564,3036,94024,20330,Liberia,2020,0,1,0,7.523925463072169e-5,1.5729323147772411e-4,6.895194269653444e-4,73694,2.249802384409526e-4
Individuals,357,59,378,136,Liechtenstein,2020,0,1,0,5.005156046780544e-5,1.6241902251591706e-5,5.297774237354235e-5,242,1.1772753936113254e-5
Corporations,631,29228,117025,17231,Liechtenstein,2020,0,1,0,6.377017198927523e-5,1.9577172225900477e-4,7.714304227218657e-4,99794,3.0466086675952483e-4
Individuals,4648,802,8762,755,Luxembourg,2020,0,1,0,2.7785976583230223e-4,3.7648557547208077e-4,6.897494301182769e-4,8007,3.895224825060282e-4
Corporations,29758,1634015,26585538,19019492,Luxembourg,2020,0,1,0,0.0703891983047208,0.044475082772418004,0.03638070763765021,7566046,0.023098363952767056
Individuals,3345,2080,8336,1099,Macau,2020,0,1,0,4.044607717214572e-4,3.581812094425092e-4,4.963880903067204e-4,7237,3.5206371998203147e-4
Corporations,52,344,23162,5294,Macau,2020,0,1,0,1.959255356689821e-5,3.8747828506413744e-5,6.357271312446437e-5,17868,5.454917497303635e-5
Individuals,71295,10067,48687,5766,Malaysia,2020,0,1,0,0.0021220389533629863,0.0020919827908022367,0.010579966785775075,42921,0.002088009800379822
Corporations,791,7687,124633,34256,Malaysia,2020,0,1,0,1.2677795900787025e-4,2.0849918445038702e-4,9.670387707971407e-4,90377,2.7591172971446756e-4
Individuals,5367,1526,10705,2308,Malta,2020,0,1,0,8.494044232330511e-4,4.599723904848921e-4,7.964469000526661e-4,8397,4.0849510248571483e-4
Corporations,1513,5835,101772,62260,Malta,2020,0,1,0,2.304179042453877e-4,1.7025490038661338e-4,0.001849721441486819,39512,1.206260914223535e-4
Individuals,231,118,500,76,Marshall Islands,2020,0,1,0,2.7969989673185393e-5,2.1483997687290616e-5,3.427971565346858e-5,424,2.0626643259967023e-5
Corporations,1752,1717,344936,13994,Marshall Islands,2020,0,1,0,5.179036543543135e-5,5.770452022143309e-4,0.0021419114114242612,330942,0.0010103320496936757
Individuals,1492,359,2713,1055,Mauritius,2020,0,1,0,3.8826761980540245e-4,1.1657217145123889e-4,2.214083798916672e-4,1658,8.065795878543708e-5
Corporations,660,2479,132329,17570,Mauritius,2020,0,1,0,6.502477638277324e-5,2.213738622927737e-4,8.068844358105093e-4,114759,3.5034747989314295e-4
Individuals,318183,161981,1008129,217730,Mexico,2020,0,1,0,0.08013034015187705,0.043317282208981206,0.04721741457042248,790399,0.0384511278444214
Corporations,7814,170456,67870181,710206,Mexico,2020,0,1,0,0.002628399905276258,0.11354037363298766,0.009553022699126243,67159975,0.20503252896013807
Individuals,1903,2720,32913,14099,Monaco,2020,0,1,0,0.0051888011105558005,0.0014142056317635922,2.823995622880983e-4,18814,9.15258646917499e-4
Corporations,213,1905,15480,4027,Monaco,2020,0,1,0,1.4903515907423327e-5,2.589657133577777e-5,2.604036133752098e-4,11453,3.4964836633433254e-5
Individuals,8400,760,19875,410,Morocco,2020,0,1,0,1.5089073376323698e-4,8.53988908069802e-4,0.0012465351146715847,19465,9.469283279605144e-4
Corporations,95,14,2099,24,Morocco,2020,0,1,0,8.882154998216038e-8,3.5114278574804613e-6,1.1614245666969452e-4,2075,6.33476259620833e-6
Individuals,84877,20141,293085,34263,Netherlands,2020,0,1,0,0.012609681002267777,0.012593274924359141,0.012595495348569059,258822,0.012591106277903738
Corporations,10518,119880,16861139,4698102,Netherlands,2020,0,1,0,0.017387195900595318,0.02820708584728454,0.012858803781598389,12163037,0.037132506912721915
Individuals,49898,6438,62559,2214,New Zealand,2020,0,1,0,8.148099623214797e-4,0.0026880348226384276,0.007404715375224135,60345,0.0029356480837799763
Corporations,2979,9507,216148,40848,New Zealand,2020,0,1,0,1.5117427806963696e-4,3.6159509696936004e-4,0.003641982930726526,175300,5.351729557182266e-4
Individuals,15439,2827,52377,673,Nigeria,2020,0,1,0,2.4768161907965487e-4,0.002250534693734441,0.0022911018613588807,51704,0.002515282931871073
Corporations,2979,9507,216148,6469,Nigeria,2020,0,1,0,2.3941108618108147e-5,3.6159509696936004e-4,0.003641982930726526,209679,6.401285235712609e-4
Individuals,27682,11393,77777,2684,Norway,2020,0,1,0,9.877822668793368e-4,0.0033419217762488047,0.004107926790992715,75093,0.0036531050054733577
Corporations,1980,28315,1060743,495266,Norway,2020,0,1,0,0.0018329289072276933,0.0017745224010611706,0.0024206533074315278,565477,0.0017263433969234203
Individuals,2143,280,5087,1370,Oman,2020,0,1,0,5.041958664771577e-4,2.1857819247049474e-4,3.1801485127871504e-4,3717,1.8082366272947504e-4
Corporations,83,5859,27989,6848,Oman,2020,0,1,0,2.5343748928243096e-5,4.6822941545031265e-5,1.014718305640489e-4,21141,6.454130893804351e-5
Individuals,10981,5445,33598,13189,Panama,2020,0,1,0,0.004853897286837396,0.0014436387085951803,0.0016295478683581751,20409,9.928517978600635e-4
Corporations,27056,43298,666299,373585,Panama,2020,0,1,0,0.0013825999479202243,0.0011146550119158522,0.033077371659529,292714,8.936258788368795e-4
Individuals,15147,4391,35271,15136,Peru,2020,0,1,0,0.005570444259122817,0.0015155241648568546,0.002247769926420297,20135,9.795223161307453e-4
Corporations,1309,26828,249722,61541,Peru,2020,0,1,0,2.277569586438388e-4,4.1776121363779696e-4,0.0016003207976908434,188181,5.744973301769059e-4
Individuals,39452,18124,110619,5159,Philippines,2020,0,1,0,0.0018986470621574136,0.004753076680340801,0.005854559921907543,105460,0.0051303910334814205
Corporations,505,4781,181363,81743,Philippines,2020,0,1,0,3.025224983413223e-4,3.0340309219448734e-4,6.173888486125866e-4,99620,3.041296625707343e-4
Individuals,68980,28344,173442,4305,Poland,2020,0,1,0,0.0015843527045139884,0.007452455053758119,0.010236427644053085,169137,0.008228133398728873
Corporations,1422,12993,166912,12128,Poland,2020,0,1,0,4.488448992431838e-5,2.7922794023238625e-4,0.0017384691935190065,154784,4.7253970780313735e-4
Individuals,24666,9574,74089,11120,Portugal,2020,0,1,0,0.004092451120602915,0.003183455809307349,0.003660361326010632,62969,0.0030632997628227913
Corporations,689,2990,62599,4574,Portugal,2020,0,1,0,1.6927907067433398e-5,1.047221879230202e-4,8.423384488991529e-4,58025,1.771443853710787e-4
Individuals,2726,2564,22302,1268,Puerto Rico,2020,0,1,0,4.6665719612630366e-4,9.582722328439106e-4,4.0453032411842145e-4,21034,0.0010232566375710998
Corporations,8071,11309,830380,649565,Puerto Rico,2020,0,1,0,0.0024039737547567504,0.0013891469577392212,0.009867218608222152,180815,5.520096861847755e-4
Individuals,4065,723,5961,2364,Qatar,2020,0,1,0,8.700138893080298e-4,2.5613222042787876e-4,6.032339572785704e-4,3597,1.749859335049561e-4
Corporations,156,3331,37724,9522,Qatar,2020,0,1,0,3.523994995542213e-5,6.310867293739539e-5,1.907181393733931e-4,28202,8.609781915097219e-5
Individuals,26619,2123,30531,1154,Romania,2020,0,1,0,4.2470221161652557e-4,0.0013118558667813396,0.003950180740171776,29377,0.0014291247619057812
Corporations,718,1792,43328,10034,Romania,2020,0,1,0,3.713480968837488e-5,7.248363325817695e-5,8.777924619877965e-4,33294,1.016431739171856e-4
Individuals,875196,15264,231999,58847,Russia,2020,0,1,0,0.02165723660918343,0.009968531958907472,0.12987649359763243,173152,0.00842345408903257
Corporations,1263,2303,245532,65376,Russia,2020,0,1,0,2.4194990215140486e-4,4.107517411638364e-4,0.0015440833976192018,180156,5.499978266421725e-4
Individuals,24357,6569,56208,25608,Saudi Arabia,2020,0,1,0,0.009424414415143835,0.002415145084014462,0.003614506641435213,30600,0.001488620952252337
Corporations,576,16666,470362,161605,Saudi Arabia,2020,0,1,0,5.980836077027928e-4,7.868710004288827e-4,7.041900530709899e-4,308757,9.426035156228892e-4
Individuals,1111,309,1990,41,Senegal,2020,0,1,0,1.5089073376323698e-5,8.550631079541666e-5,1.6486910861906318e-4,1949,9.481445215489559e-5
Corporations,56,25,125831,589,Senegal,2020,0,1,0,2.1798288724788527e-6,2.105033247901972e-4,6.846292182634625e-5,125242,3.8235100581895113e-4
Individuals,183145,57805,675642,47422,Singapore,2020,0,1,0,0.017452537503707864,0.029030982330872816,0.02717817542577707,628220,0.030561485445227556
Corporations,5289,154569,4338410,1170200,Singapore,2020,0,1,0,0.004330790741213503,0.0072577483235692275,0.006466078456063309,3168210,0.00967222082165455
Individuals,35463,6896,55296,3050,South Africa,2020,0,1,0,0.001122479848726519,0.002375958272232844,0.005262604139476001,52246,0.0025416500088684835
Corporations,5577,13535,233462,49735,South Africa,2020,0,1,0,1.8406415784844775e-4,3.9055977630447997e-4,0.006818173482598803,183727,5.608997241029242e-4
Individuals,120664,21676,186372,21767,Spain,2020,0,1,0,0.008010825858108242,0.008008031233951454,0.017906180128182392,164605,0.008007661825016207
Corporations,8678,29359,3841813,1125950,Spain,2020,0,1,0,0.004167026008433895,0.006426988657184652,0.010609307778732728,2715863,0.008291251734374044
Individuals,555,453,5047,3068,St Kitts & Nevis,2020,0,1,0,0.001129104319964905,2.1685947265551148e-4,8.236035579080114e-5,1979,9.627388446102532e-5
Corporations,9393,8385,153162,120940,St Kitts & Nevis,2020,0,1,0,4.4758659395176985e-4,2.562254947629454e-4,0.011483432584194112,32222,9.837046765061435e-5
Individuals,33736,10760,216043,10309,Sweden,2020,0,1,0,0.003793981888695634,0.009282934624710654,0.005006322455781022,205734,0.010008494868976547
Corporations,4402,111459,4536334,1003433,Sweden,2020,0,1,0,0.003713603098468714,0.007588856397539672,0.005381674676421003,3532901,0.010785585113690122
Individuals,74558,43933,386475,52829,Switzerland,2020,0,1,0,0.01944245505848304,0.016606056012391283,0.011064186319010003,333646,0.016231125040365463
Corporations,12902,388922,23700296,9091375,Switzerland,2020,0,1,0,0.033646250790377634,0.039648346643607786,0.015773368167919986,14608921,0.04459954039603006
Individuals,296522,44050,1737239,88815,Taiwan,2020,0,1,0,0.032686245168736326,0.07464567731654213,0.04400298634198186,1648424,0.08019210799332047
Corporations,5304,203839,11430811,9514846,Taiwan,2020,0,1,0,0.035213473731731615,0.019122662305380702,0.006484416738695366,1915965,0.005849245020551465
Individuals,35390,6930,62367,7342,Thailand,2020,0,1,0,0.002702048212901673,0.002679784967526508,0.005251771155741355,55025,0.0026768420881596354
Corporations,758,11228,170762,121953,Thailand,2020,0,1,0,4.513356035406002e-4,2.856686249638297e-4,9.266945490066153e-4,48809,1.4900888075100355e-4
Individuals,8069,2119,15948,4705,Trinidad and Tobago,2020,0,1,0,0.001731563176478122,6.852535902338215e-4,0.0011974156952720258,11243,5.469465805938897e-4
Corporations,1093,6040,94932,71610,Trinidad and Tobago,2020,0,1,0,2.65021299759271e-4,1.5881222933126972e-4,0.0013362495277892221,23322,7.11996786837449e-5
Individuals,24849,7009,59637,4997,Turkey,2020,0,1,0,0.0018390268210119395,0.002562482340153901,0.0036875179838659774,54640,0.002658112706897637
Corporations,779,7678,75282,15371,Turkey,2020,0,1,0,5.68865018656578e-5,1.2593964362403245e-4,9.523681446914951e-4,59911,1.8290215031394565e-4
Individuals,41416,12268,75234,14611,United Arab Emirates,2020,0,1,0,0.005377230514669892,0.0032326541640112444,0.006146011703480756,60623,0.0029491721564834455
Corporations,1986,13147,183912,62653,United Arab Emirates,2020,0,1,0,2.3187235712634558e-4,3.076673273582404e-4,0.002427988620484351,121259,3.7019131453186786e-4
Individuals,605941,172867,2466929,186178,United Kingdom,2020,0,1,0,0.06851837812334619,0.10599899386142031,0.08991984927609699,2280751,0.11095338972125719
Corporations,48777,485301,76416381,26043082,United Kingdom,2020,0,1,0,0.09638278789802089,0.12783735541269206,0.05963242746292305,50373299,0.1537845254712378
Individuals,18056,4277,59194,41207,Uruguay,2020,0,1,0,0.015165254795565138,0.0025434475182029618,0.0026794569083940637,17987,8.750269630118558e-4
Corporations,3349,5949,116073,66497,Uruguay,2020,0,1,0,2.4609860871515493e-4,1.9417911657995692e-4,0.0040943272356506,49576,1.5135045323837307e-4
Individuals,80646,15700,227761,148474,Venezuela,2020,0,1,0,0.05464231903600694,0.009786433594509996,0.01196762748307198,79287,0.0038571336418702956
Corporations,2611,1976,71828,67565,Venezuela,2020,0,1,0,2.500511676893611e-4,1.201614293221089e-4,0.0031920837301533935,4263,1.30145026253668e-5
Individuals,11311,3459,19204,1457,Vietnam,2020,0,1,0,5.362141441293568e-4,8.25157383173458e-4,0.0016785188907202733,17747,8.633515045628178e-4
Corporations,147,2180,9476,91,Vietnam,2020,0,1,0,3.367817103490248e-7,1.5852448964976107e-5,1.797151697941589e-4,9385,2.865144432068201e-5
Individuals,120726,25796,194398,84537,Argentina,2021,0,1,0,0.044018499464719384,0.011940246069874252,0.017237849076938497,109861,0.0076542164971179555
Corporations,2554,5841,66882,12328,Argentina,2021,0,1,0,5.7454189395162763e-5,1.2407658972838403e-4,0.0031970558045214433,54554,1.681341622470195e-4
Individuals,225290,48348,378172,30702,Australia,2021,0,1,0,0.015986561748888826,0.023227948521777415,0.032168008701882564,347470,0.0242088694464239
Corporations,16267,435207,9096955,2287686,Australia,2021,0,1,0,0.01066167624275327,0.016876276925220115,0.02036276694289362,6809269,0.020986009070454965
Individuals,25605,12352,126299,11370,Austria,2021,0,1,0,0.005920370239230862,0.007757493072866224,0.0036560072032123174,114929,0.008007313312251567
Corporations,2163,28022,1198755,295476,Austria,2021,0,1,0,0.0013770550020867224,0.0022238783577023563,0.0027076083418871894,903279,0.002783884920268459
Individuals,3232,3727,29914,14288,Bahamas,2021,0,1,0,0.007439775723670234,0.0018373672616704823,4.6148077644140635e-4,15626,0.0010886919560532415
Corporations,18575,101648,1000211,597620,Bahamas,2021,0,1,0,0.002785185972285624,0.0018555481278792008,0.023251883934606813,402591,0.0012407761211495
Individuals,1825,765,7377,2751,Barbados,2021,0,1,0,0.0014324484193600792,4.531075178626445e-4,2.605824310041976e-4,4626,3.223018679573976e-4
Corporations,1338,5716,3525077,368192,Barbados,2021,0,1,0,0.001715945238626198,0.00653957017867233,0.0016748867135668328,3156885,0.009729446324470838
Individuals,39086,9359,101364,11528,Belgium,2021,0,1,0,0.006002640995413666,0.0062259442104689025,0.005580890355194558,89836,0.006259038177652567
Corporations,2953,15642,1344337,686757,Belgium,2021,0,1,0,0.003200605673787621,0.0024939557789193894,0.0036965175374909245,657580,0.0020266463029364494
Individuals,7974,6756,35265,7907,Bermuda,2021,1,1,0,0.004117182716059668,0.002166034515036757,0.0011385667423712174,27358,0.0019060818209205544
Corporations,11358,263566,7835777,6637269,Bermuda,2021,1,1,0,0.030932747419909357,0.01453659412146927,0.014217760308439527,1198508,0.0036937738484135135
Individuals,425670,36794,187242,30902,Brazil,2021,0,1,0,0.016090701946588574,0.011500712736835743,0.06077924570167495,156340,0.010892493306627659
Corporations,6311,39272,232580,71873,Brazil,2021,0,1,0,3.3496146612577334e-4,4.314723429177889e-4,0.007900007510702751,160707,4.952952453024849e-4
Individuals,715,1015,13000,4271,British Virgin Islands,2021,1,1,0,0.0022239139218781893,7.984814602432395e-4,1.0209119899616508e-4,8729,6.081653708171474e-4
Corporations,104163,338238,4133405,2357797,British Virgin Islands,2021,1,1,0,0.010988425972854201,0.007668113937475721,0.13038955511604036,1775608,0.005472382658633753
Individuals,934,192,743,53,Brunei,2021,0,1,0,2.7597152390434097e-5,4.563628653544054e-5,1.333610907166688e-4,690,4.807356007146657e-5
Corporations,22,293,1234,8,Brunei,2021,0,1,0,3.728370499361633e-8,2.2892633552349792e-6,2.7539243421876174e-5,1226,3.7785035545486286e-6
Individuals,21025,2359,26934,745,Bulgaria,2021,0,1,0,3.8792223643157366e-4,0.0016543307423224165,0.003002052390062057,26189,0.0018246354561038233
Corporations,705,3071,96432,32288,Bulgaria,2021,0,1,0,1.5047703335423551e-4,1.7889646991249556e-4,8.82507573291941e-4,64144,1.9769031974140885e-4
Individuals,415475,158727,1949362,84264,Canada,2021,0,1,0,0.04387634809485922,0.11973303202328323,0.05932355371039397,1865098,0.12994478368430748
Corporations,82101,881132,52923805,17227227,Canada,2021,0,1,0,0.08028685616575776,0.09818195089635476,0.10277270109906617,35696578,0.1100160251698388
Individuals,3527,7113,86775,32520,Cayman Islands,2021,1,1,1,0.016933196145979563,0.005329863747123624,5.036023200831808e-4,54255,0.003780044929967274
Corporations,159555,2166975,70329527,55221865,Cayman Islands,2021,1,1,1,0.2573594654821634,0.130472292505761,0.19972836291715695,15107662,0.04656146375849857
Individuals,36999,13565,69761,16814,Chile,2021,0,1,0,0.008755066420618093,0.004284835780617587,0.005282898282040716,52947,0.0036889141813100587
Corporations,10242,72160,487278,191336,Chile,2021,0,1,0,8.917143723323218e-4,9.039770415009645e-4,0.012820769596675262,295942,9.120863776021454e-4
Individuals,302577,37412,785504,146399,China,2021,0,1,0,0.07623010401522946,0.048246952380531206,0.04320342478134635,639105,0.044527612477499486
Corporations,2792,205343,4552721,1012769,China,2021,0,1,0,0.004719972577834977,0.008446010820023298,0.003494980346994467,3539952,0.010910049930612991
Individuals,42690,13988,70570,11151,Colombia,2021,0,1,0,0.005806336722749634,0.004334525896105032,0.006095487112092709,59419,0.004139830240415177
Corporations,4542,55317,315236,99716,Colombia,2021,0,1,0,4.6472274089293076e-4,5.848121742713566e-4,0.005685601982825526,215520,6.642276395402287e-4
Individuals,448,28,7412,NA,Comoros,2021,0,1,0,NA,4.5525727564022243e-4,6.396763237801672e-5,NA,NA
Corporations,97,1655,84821,394,Comoros,2021,0,1,0,1.8362224709356043e-6,1.5735624558702285e-4,1.2142302781463585e-4,84427,2.60202055138562e-4
Individuals,10282,5497,31912,8523,Costa Rica,2021,0,1,0,0.004437934524974902,0.0019600877199447892,0.0014681142770329642,23389,0.0016295543427703358
Corporations,1836,3983,50046,35678,Costa Rica,2021,0,1,0,1.6627600334528044e-4,9.284317169861407e-5,0.002298275041934757,14368,4.428184263601525e-5
Individuals,4331,7482,30985,1798,Curacao,2021,0,1,0,9.362203773207643e-4,0.0019031498496643675,6.184013746187286e-4,29187,0.002033511591023036
Corporations,2503,8173,79142,39806,Curacao,2021,0,1,0,1.8551439512198647e-4,1.468208107455484e-4,0.0031332148311343667,39336,1.2123263933256513e-4
Individuals,8492,1351,12505,3424,Cyprus,2021,0,1,0,0.0017828801846197424,7.680777431032086e-4,0.0012125293173082992,9081,6.326898536362144e-4
Corporations,1963,18458,1316157,79963,Cyprus,2021,0,1,0,3.726646128005678e-4,0.002441677463400328,0.0024572515835064967,1236194,0.0038099212260291086
Individuals,56768,4041,37429,1273,Czech Republic,2021,0,1,0,6.628523583589171e-4,0.0022989509673418626,0.008105612845614405,36156,0.0025190545477448483
Corporations,1052,6072,119727,11336,Czech Republic,2021,0,1,0,5.283100997595434e-5,2.221123450017977e-4,0.0013168765490824425,108391,3.3405854712975565e-4
Individuals,18872,6379,45905,2043,Denmark,2021,0,1,0,0.0010637921195029596,0.002819560879420455,0.0026946365139239544,43862,0.0030559456403690824
Corporations,4638,84113,4322290,1106189,Denmark,2021,0,1,0,0.005155353042897932,0.008018525208831928,0.005805773226848259,3216101,0.009911948662550896
Individuals,112,46,1106,25,East Timor,2021,0,1,0,1.3017524712468913e-5,6.79323457714633e-5,1.599190809450418e-5,1081,7.531524411196429e-5
Corporations,NA,NA,NA,0,East Timor,2021,0,1,0,0,NA,NA,NA,NA
Individuals,15134,6108,58340,11714,Ecuador,2021,0,1,0,0.006099491379274434,0.0035833391069685075,0.0021609065812698775,46626,0.0032485185679597107
Corporations,590,375,109221,5568,Ecuador,2021,0,1,0,2.5949458675556966e-5,2.0262206881857347e-4,7.385524372230429e-4,103653,3.194561410600563e-4
Individuals,24303,6084,202723,3382,Egypt,2021,0,1,0,0.0017610107431027947,0.012451581312683866,0.0034701012716137065,199341,0.013888451504646692
Corporations,200,636,4176,232,Egypt,2021,0,1,0,1.0812274448148736e-6,7.747134336678504e-6,2.503567583806925e-4,3944,1.2155316491957416e-5
Individuals,15284,3217,28157,458,Finland,2021,0,1,0,2.384810527324305e-4,0.001729449421236069,0.0021823243153250168,27699,0.0019298399136515256
Corporations,3451,33492,1726732,473295,Finland,2021,0,1,0,0.0022057738943692053,0.0032033584213222092,0.004319905865858849,1253437,0.0038630637519598446
Individuals,129108,50912,430701,10529,France,2021,0,1,0,0.0054824607079034075,0.026454366416017193,0.018434672055939693,420172,0.029274150554127902
Corporations,12080,196950,43897298,9906453,France,2021,0,1,0,0.04616865889814069,0.08143636604961892,0.015121548206193826,33990845,0.10475899563997673
Individuals,1356,501,11350,94,Gabon,2021,0,1,0,4.894589291888312e-5,6.971357364431361e-4,1.9361631585846135e-4,11256,7.842260756006199e-4
Corporations,673,347,324516,537,Gabon,2021,0,1,0,2.502668697696496e-6,6.020280283528643e-4,8.424504919510302e-4,323979,9.984957610922594e-4
Individuals,335314,66005,2311918,83848,Germany,2021,0,1,0,0.04365973648364374,0.14200182004635614,0.047877773846433706,2228070,0.155233705780337
Corporations,35329,559445,29354402,6743022,Germany,2021,0,1,0,0.0314256053766831,0.054457015245896585,0.04422426958415743,22611380,0.06968774853446147
Individuals,26958,13540,70700,3939,Greece,2021,0,1,0,0.002051041193696602,0.004342510710707464,0.003849195164389676,66761,0.004651360788306058
Corporations,461,2763,31419,4631,Greece,2021,0,1,0,2.1582604728179652e-5,5.828716803738072e-5,5.770723280674962e-4,26788,8.255999446920771e-5
Individuals,16449,10238,44975,7902,Guatemala,2021,0,1,0,0.004114579211117174,0.0027624387441876693,0.0023486687164866005,37073,0.0025829436123615654
Corporations,481,542,18939,3568,Guatemala,2021,0,1,0,1.6628532427152884e-5,3.513481254845646e-5,6.021080039055654e-4,15371,4.737306536457338e-5
Individuals,371,394,2679,1225,Guernsey,2021,0,1,0,6.378587109109768e-4,1.6454860246089528e-4,5.2973195563045097e-5,1454,1.0130283528103246e-4
Corporations,9832,186350,1473109,678272,Guernsey,2021,0,1,0,0.003161061644178767,0.0027328480161805876,0.012307538241994842,794837,0.002449669192321997
Individuals,240124,60049,322892,77100,Hong Kong,2021,1,1,0,0.040146046213254134,0.01983255966622001,0.03428607981504216,245792,0.01712477750302306
Corporations,5839,101288,4134850,3623482,Hong Kong,2021,1,1,0,0.01688710424220986,0.007670794638892507,0.007309165560924317,511368,0.0015760243113233467
Individuals,26446,2706,24421,804,Hungary,2021,0,1,0,4.186435947530003e-4,0.0014999781338923194,0.0037760892988147996,23617,0.001645439519141777
Corporations,914,9189,3668188,3353263,Hungary,2021,0,1,0,0.01562775855725111,0.006805063507708824,0.0011441303857997647,314925,9.705915431616858e-4
Individuals,277055,40612,380233,9311,India,2021,0,1,0,0.004848246903911922,0.02335453854405136,0.03955926872431121,370922,0.02584281311424424
Corporations,4104,63181,7833868,127673,India,2021,0,1,0,5.950153084562473e-4,0.014533052627348409,0.00513732068197181,7706195,0.02375031419212469
Individuals,86282,4888,44162,3047,Indonesia,2021,0,1,0,0.0015865759119557113,0.0027125029420970725,0.012319766198303658,41115,0.002864557133823693
Corporations,866,991,30177,22860,Indonesia,2021,0,1,0,1.0653818701925867e-4,5.59830634286272e-5,0.0010840447637883986,7317,2.255082423216339e-5
Individuals,77500,8484,108391,2817,Ireland,2021,0,1,0,0.0014668146846009973,0.006657554150555768,0.01106582926182209,105574,0.0073555333782391475
Corporations,22924,1239376,34677963,16472376,Ireland,2021,0,1,0,0.07676890091599073,0.06433305504869892,0.028695891645594974,18205587,0.056109196730949676
Individuals,86245,24971,258040,95730,Israel,2021,0,1,0,0.049846705628985966,0.015849242769320426,0.012314483157236725,162310,0.011308434108985129
Corporations,18057,121220,1554058,701415,Israel,2021,0,1,0,0.003268918742262175,0.0028830210950646367,0.02260345993040082,852643,0.0026278259431166445
Individuals,100297,14400,287684,17268,Italy,2021,0,1,0,0.008991464669396529,0.017670026185278163,0.014320896483522194,270416,0.018840376551138703
Corporations,6939,106115,1972950,555287,Italy,2021,0,1,0,0.002587894586848779,0.003660131391175731,0.008686127732018125,1417663,0.004369204473615067
Individuals,243082,24371,876117,25844,Japan,2021,0,1,0,0.013456996346761865,0.05381255242337895,0.03470843753060951,850273,0.05924007267050159
Corporations,19117,105107,43868874,13469262,Japan,2021,0,1,0,0.06277299886121583,0.08138363507586754,0.02393035074981849,30399612,0.09369089885717712
Individuals,601,572,195607,192592,Jersey,2021,0,1,0,0.10028284477695253,0.012014504845676875,8.581372111425904e-5,3015,2.1006055596445175e-4
Corporations,4982,63680,676418,396173,Jersey,2021,0,1,0,0.0018463496573044953,0.0012548613778130748,0.00623638685126305,280245,8.637085878013707e-4
Individuals,74349,22604,195474,13306,"Korea, Republic of (South)",2021,0,1,0,0.0069284473529644544,0.012006335766122077,0.01061591406177046,182168,0.0126919772334767
Corporations,7228,436348,5728847,1938466,"Korea, Republic of (South)",2021,0,1,0,0.009034149310519435,0.010627908836991771,0.009047893247878226,3790381,0.011681866298200314
Individuals,8747,2547,20441,7044,Kuwait,2021,0,1,0,0.0036678177629852413,0.0012555199637563122,0.0012489394652020363,13397,9.333934554745473e-4
Corporations,541,6011,68911,47101,Kuwait,2021,0,1,0,2.1951247361304036e-4,1.2784070265202404e-4,6.772150314197731e-4,21810,6.72179139679491e-5
Individuals,11184,2241,16751,711,Latvia,2021,0,1,0,3.7021840282261593e-4,0.001028874072348808,0.0015969062511512033,16040,0.0011175360920961214
Corporations,316,3753,67413,888,Latvia,2021,0,1,0,4.1384912542914125e-6,1.2506167793067719e-4,3.9556367824149414e-4,66525,2.0502850649783646e-4
Individuals,468,106,1396,431,Liechtenstein,2021,0,1,0,2.2442212604296407e-4,8.574462449996634e-5,6.682333025203532e-5,965,6.723331227386266e-5
Corporations,678,3853,47655,16104,Liechtenstein,2021,0,1,0,7.505209815214967e-5,8.840749205326008e-5,8.487094109105476e-4,31551,9.723944995886115e-5
Individuals,5992,2098,18600,4454,Luxembourg,2021,0,1,0,0.002319202202773462,0.001142442704655712,8.555670830559737e-4,14146,9.855776532912554e-4
Corporations,28933,1521560,21549065,13561161,Luxembourg,2021,0,1,0,0.06320129076186688,0.03997689209406537,0.03621786045114288,7987904,0.02461853479395857
Individuals,56530,7279,32908,4228,Malaysia,2021,0,1,0,0.002201523779372743,0.002021263684129579,0.008071630040913583,28680,0.0019981879751444368
Corporations,747,10818,186358,25319,Malaysia,2021,0,1,0,1.1799826584167149e-4,3.457232904010375e-4,9.350824925518865e-4,161039,4.963184615994752e-4
Individuals,7574,2307,17104,3857,Malta,2021,0,1,0,0.002008343712639704,0.0010505559150769516,0.0010814527848908451,13247,9.229426815459676e-4
Corporations,1614,15670,227224,167908,Malta,2021,0,1,0,7.825290422585164e-4,4.2153612368712556e-4,0.0020203790401321885,59316,1.8281053575987474e-4
Individuals,295,184,22619,117,Marshall Islands,2021,0,1,0,6.092201565435452e-5,0.0013892963191724488,4.2121543641774405e-5,22502,0.0015677554329393344
Corporations,1773,4077,137193,13870,Marshall Islands,2021,0,1,0,6.464062353268232e-5,2.545145117461528e-4,0.0022194126630448387,123323,3.8007862467993517e-4
Individuals,1738,368,2222,432,Mauritius,2021,0,1,0,2.2494282703146285e-4,1.3647890805080603e-4,2.4816014525221665e-4,1790,1.2471256888105096e-4
Corporations,581,6068,102190,17721,Mauritius,2021,0,1,0,8.258806702398437e-5,1.8957846213246558e-4,7.272863830959117e-4,84469,2.603314981640849e-4
Individuals,310772,195760,1033528,109738,Mexico,2021,0,1,0,0.057140685075876545,0.06348099589555961,0.04437354698522548,923790,0.06436213631655088
Corporations,8044,200561,6479866,768596,Mexico,2021,0,1,0,0.003582013315409192,0.012021166759021932,0.010069348822071451,5711270,0.01760200162804808
Individuals,1910,4230,25724,11661,Monaco,2021,0,1,0,0.006071894226884001,0.0015800105448690073,2.7271914696877666e-4,14063,9.797948917174412e-4
Corporations,187,1591,12225,1043,Monaco,2021,0,1,0,4.860863038542729e-6,2.2679290533020762e-5,2.3408356908594748e-4,11182,3.4462664557065874e-5
Individuals,78405,19074,191429,18849,Netherlands,2021,0,1,0,0.009814692932213062,0.011757885188684855,0.01119504959062143,172580,0.012023963763961885
Corporations,10655,117697,27633459,6306296,Netherlands,2021,0,1,0,0.029390259958302835,0.05126439632665173,0.013337756302731393,21327163,0.06572982153665416
Individuals,69000,7286,58013,1622,New Zealand,2021,0,1,0,8.445770033449831e-4,0.0035632542271608505,0.009852157665364182,56391,0.003928863950710249
Corporations,2809,9239,176958,44152,New Zealand,2021,0,1,0,2.0576876785976853e-4,3.282848175167516e-4,0.003516260671456826,132806,4.0930501065692104e-4
Individuals,21586,3728,20652,591,Nigeria,2021,0,1,0,3.0773428420276515e-4,0.0012684799320725679,0.003082154715428279,20061,0.0013976865052082476
Corporations,187,1597,7575,2179,Nigeria,2021,0,1,0,1.0155149147636248e-5,1.4052811925368694e-5,2.3408356908594748e-4,5396,1.6630346802891026e-5
Individuals,20030,10036,69205,276,Norway,2021,0,1,0,1.437134728256568e-4,0.004250685342779492,0.0028599814208296317,68929,0.004802409307487129
Corporations,1783,35570,744891,268291,Norway,2021,0,1,0,0.0012503603120552899,0.0013818895218349586,0.0022319305009638737,476600,0.001468870142004793
Individuals,2518,306,2875,1459,Oman,2021,0,1,0,7.597027422196858e-4,1.7658724601533183e-4,3.595323623389422e-4,1416,9.865530588579226e-5
Corporations,75,5471,37291,2817,Oman,2021,0,1,0,1.312852462087715e-5,6.918064811998997e-5,9.388378439275968e-5,34474,1.062480681398935e-4
Individuals,11914,11826,71866,8770,Panama,2021,0,1,0,0.004566547669134095,0.004414128355526204,0.0017011392235528823,63096,0.00439601354531776
Corporations,27013,48850,559173,305381,Panama,2021,0,1,0,0.0014232168893319435,0.0010373535317154045,0.03381443557068823,253792,7.821810555595477e-4
Individuals,2961,1535,9452,3513,Paraguay,2021,0,1,0,0.0018292225725961319,5.805574432476231e-4,4.2278607024845427e-4,5939,4.1378097574556517e-4
Corporations,206,126,18346,8939,Paraguay,2021,0,1,0,4.165987986724205e-5,3.4034704631394594e-5,2.5786746113211324e-4,9407,2.8992155740325407e-5
Individuals,31989,7469,44320,13214,Peru,2021,0,1,0,0.0068805428620225696,0.0027222075629215674,0.004567545964599056,31106,0.0021672118254826653
Corporations,1361,7402,87592,64381,Peru,2021,0,1,0,3.000452763992516e-4,1.6249688477450755e-4,0.0017036777407806124,23211,7.153576346217636e-5
Individuals,60627,21174,110834,4324,Philippines,2021,0,1,0,0.0022515110742686232,0.006807607243430709,0.008656619750406295,106510,0.007420746207553485
Corporations,589,6745,178877,69111,Philippines,2021,0,1,0,3.220892669767273e-4,3.3184486320451164e-4,7.373006534311394e-4,109766,3.382962652272306e-4
Individuals,72751,27120,132785,3319,Poland,2021,0,1,0,0.001728206580827373,0.008155873899876813,0.010387743801636371,129466,0.009020132649583321
Corporations,1494,11982,188400,25744,Poland,2021,0,1,0,1.1997896266945736e-4,3.4951152036164515e-4,0.001870164985103773,162656,5.013020180821058e-4
Individuals,30836,9882,72039,12277,Portugal,2021,0,1,0,0.006392646035799234,0.004424754301112518,0.004402914982161883,59762,0.004163727676798529
Corporations,707,2587,73034,37689,Portugal,2021,0,1,0,1.7564819468805074e-4,1.354895136841422e-4,8.850111408757479e-4,35345,1.0893246993109403e-4
Individuals,2199,1938,27456,41,Puerto Rico,2021,0,1,0,2.134874052844902e-5,0.001686392844033722,3.139839812483455e-4,27415,0.0019100531150134147
Corporations,5911,13313,790250,635973,Puerto Rico,2021,0,1,0,0.0029639287144881447,0.0014660375741283975,0.007399293993941366,154277,4.7547813449029264e-4
Individuals,5911,1541,10609,3710,Qatar,2021,0,1,0,0.001931800667330387,6.516222932092715e-4,8.440015066661983e-4,6899,4.806659288884752e-4
Corporations,126,3753,26102,7437,Qatar,2021,0,1,0,3.465986425469058e-5,4.842329991762028e-5,1.5772475777983626e-4,18665,5.752509693772443e-5
Individuals,41408,2116,35950,636,Romania,2021,0,1,0,3.311658286852092e-4,0.002208108345826497,0.005912436878368117,35314,0.002460390870092421
Corporations,847,3474,54712,12807,Romania,2021,0,1,0,5.968655123165554e-5,1.0149933281330323e-4,0.0010602608717422326,41905,1.2915023772704754e-4
Individuals,955722,16012,259218,74633,Russia,2021,0,1,0,0.038861476874627696,0.015921597473948623,0.13646266417764039,184585,0.012860374037379213
Corporations,1675,3130,172205,56450,Russia,2021,0,1,0,2.6308314336120523e-4,3.194672577700483e-4,0.0020967378514382996,115755,3.5675422427143273e-4
Individuals,39120,9103,65119,23116,Saudi Arabia,2021,0,1,0,0.012036524050137257,0.003999716477659963,0.005585745041580389,42003,0.002926425715480885
Corporations,568,8831,633586,99316,Saudi Arabia,2021,0,1,0,4.6285855564324996e-4,0.0011754013064748051,7.110131938011667e-4,534270,0.0016466077439548905
Individuals,1157,415,1870,29,Senegal,2021,0,1,0,1.510032866646394e-5,1.1485848697345061e-4,1.6520212201197621e-4,1841,1.2826583201676806e-4
Corporations,71,814,149621,162,Senegal,2021,0,1,0,7.549950261207307e-7,2.775703990872065e-4,8.887664922514583e-5,149459,4.606291702767402e-4
Individuals,5966,2500,11227,165,Serbia,2021,0,1,0,8.591566310229483e-5,6.895808733962192e-4,8.518546758197495e-4,11062,7.707097413196569e-4
Corporations,159,236,264652,262943,Serbia,2021,0,1,0,0.0012254361552670573,4.909709282736205e-4,1.9903362291265051e-4,1709,5.267098348061669e-6
Individuals,170572,35604,171922,31885,Singapore,2021,0,1,0,0.016602551018282855,0.01055973304676448,0.024355104888355062,140037,0.009756633524243427
Corporations,5395,200159,3189548,980717,Singapore,2021,0,1,0,0.004570595413778054,0.005917111309694504,0.0067533735573191795,2208831,0.006807565893064602
Individuals,18008,1447,13632,900,Slovakia,2021,0,1,0,4.686308896488809e-4,8.372999435412186e-4,0.002571270365766351,12732,8.870616910578441e-4
Corporations,651,3689,83475,19783,Slovakia,2021,0,1,0,9.219794198608898e-5,1.5485920468252828e-4,8.14911248529154e-4,63692,1.9629726622863886e-4
Individuals,35487,7233,59415,5064,South Africa,2021,0,1,0,0.0026368298057577034,0.0036493673815655445,0.00506700752276491,54351,0.0037867334252815648
Corporations,6863,13815,271491,50453,South Africa,2021,0,1,0,2.351343460053656e-4,5.036583448752834e-4,0.008590992163833463,221038,6.812339875124958e-4
Individuals,133531,22551,213148,17072,Spain,2021,0,1,0,0.008889407275650772,0.013091902022148156,0.01906620964077891,196076,0.013660972992134608
Corporations,9839,33556,2532098,1033676,Spain,2021,0,1,0,0.004817408880372669,0.00469743854397389,0.012316300728538166,1498422,0.004618101837857965
Individuals,466,269,5629,3808,St Kitts & Nevis,2021,0,1,0,0.001982829364203265,3.4574247228532273e-4,6.653776046463346e-5,1821,1.2687239549295744e-4
Corporations,9912,10828,135234,81765,St Kitts & Nevis,2021,0,1,0,3.810627673503799e-4,2.5088025979079997e-4,0.012407680945347119,53469,1.647902174210119e-4
Individuals,29808,12239,100210,1329,Sweden,2021,0,1,0,6.920116137148475e-4,0.006155063625459618,0.004256132111437327,98881,0.006889219845545922
Corporations,4365,129231,5929565,886760,Sweden,2021,0,1,0,0.004132712280017402,0.01100027217745859,0.0054640362516586135,5042805,0.015541808007663619
Individuals,71705,43984,398419,36707,Switzerland,2021,0,1,0,0.019113371184823858,0.024471552685280867,0.010238390802825199,361712,0.025201135595029445
Corporations,11944,473150,33924279,9215607,Switzerland,2021,0,1,0,0.0429489965906382,0.06293485313409039,0.014951305610494955,24708672,0.0761515538174357
Individuals,395003,48501,267664,79412,Taiwan,2021,0,1,0,0.041349906898663254,0.016440364736503576,0.05640046136654853,188252,0.013115860624019891
Corporations,5302,238929,9286551,8194978,Taiwan,2021,0,1,0,0.038192392772646994,0.01722800721298278,0.006636957664672158,1091573,0.0033642026595018843
Individuals,50056,9641,71725,6011,Thailand,2021,0,1,0,0.0031299336418660257,0.004405467902765105,0.0071472406390937614,65714,0.0045784143862845714
Corporations,1147,18805,176767,81740,Thailand,2021,0,1,0,3.8094625577227484e-4,3.279304825889964e-4,0.0014357960093132713,95027,2.9287100919909667e-4
Individuals,7995,2553,16841,2857,Trinidad and Tobago,2021,0,1,0,0.0014876427241409475,0.0010344020209197228,0.0011415652251389368,13984,9.742908174483892e-4
Corporations,1063,7916,85307,54708,Trinidad and Tobago,2021,0,1,0,2.5496461659884527e-4,1.582578517382742e-4,0.0013306461707933805,30599,9.430540804700936e-5
Individuals,43547,8206,64844,2154,Turkey,2021,0,1,0,0.0011215899292263216,0.003982825523693279,0.0062178537659944065,62690,0.004367726783884405
Corporations,1910,9153,184026,109507,Turkey,2021,0,1,0,5.10353335341993e-4,3.4139706500038275e-4,0.0023909070425356133,74519,2.2966582902235664e-4
Individuals,47807,27255,113998,12343,United Arab Emirates,2021,0,1,0,0.006427012301040152,0.007001945346523756,0.006826117413160369,101655,0.007082489491398456
Corporations,2176,25095,266830,100599,United Arab Emirates,2021,0,1,0,4.6883792983160114e-4,4.950114595440434e-4,0.0027238815311819344,166231,5.123200851355408e-4
Individuals,461972,169783,2067183,218155,United Kingdom,2021,0,1,0,0.11359352414594624,0.12696979234076927,0.06596262291280612,1849028,0.12882515743742565
Corporations,40545,568823,77941942,23979051,United Kingdom,2021,0,1,0,0.11175348293886009,0.1445945151186792,0.050753573842725885,53962891,0.16631237802383375
Individuals,20242,5597,52124,29689,Uruguay,2021,0,1,0,0.015459091647539584,0.003201542125670663,0.0028902518182942287,22435,0.001563087420584569
Corporations,3684,6499,85731,56327,Uruguay,2021,0,1,0,2.625099063969284e-4,1.590444381747569e-4,0.004611571489372355,29404,9.06224457732038e-5
Individuals,80635,10367,148128,90023,Venezuela,2021,0,1,0,0.04687506508762356,0.009098266287916199,0.011513459903574505,58105,0.004048281460800819
Corporations,2306,1281,50980,45984,Venezuela,2021,0,1,0,2.1430673630330667e-4,9.457588804690376e-5,0.0028866134241293845,4996,1.539755608362557e-5
Individuals,28485,11601,45312,1664,Vietnam,2021,0,1,0,8.664464448619309e-4,0.0027831378405032054,0.004067227697070996,43648,0.0030410358695643087
Corporations,311,4440,20978,108,Vietnam,2021,0,1,0,5.033300174138204e-7,3.891747703899465e-5,3.893047592819768e-4,20870,6.432085577767527e-5
Individuals,161356,33225,302267,120134,Argentina,2022,0,1,0,0.004922007240227008,0.0011536312471553474,0.014098697699249743,182133,7.665336346792437e-4
Corporations,3187,6991,80410,41223,Argentina,2022,0,1,0,8.879468443652294e-5,7.996685424113395e-5,0.002995413361404564,39187,7.239545918432336e-5
Individuals,320749,77176,602716,28773,Australia,2022,0,1,0,0.001178857894709672,0.002300323921435295,0.02802587563113027,573943,0.0024155238967606594
Corporations,21658,466412,10906270,3213949,Australia,2022,0,1,0,0.006922872844045277,0.010846164698475961,0.02035602842212113,7692321,0.014211067726241191
Individuals,42399,13020,117761,12180,Austria,2022,0,1,0,4.990264886373962e-4,4.4944624883384843e-4,0.0037046696977521124,105581,4.44353234631117e-4
Corporations,2862,38799,1451835,527665,Austria,2022,0,1,0,0.0011365947932755471,0.0014438338244892018,0.0026899507500281966,924170,0.0017073445661667424
Individuals,4153,6145,31695,13281,Bahamas,2022,0,1,0,5.441355332999392e-4,1.2096703371055634e-4,3.6287396530023167e-4,18414,7.749803906476912e-5
Corporations,24428,108659,1289339,818791,Bahamas,2022,0,1,0,0.0017636826156384798,0.00128223335257318,0.022959509756005865,470548,8.693071306368181e-4
Individuals,5572,1555397,6618615,932077,Bahrain,2022,0,1,0,0.03818810447041695,0.025260584439886224,4.8686100039799923e-4,5686538,0.023932635172547737
Corporations,283,665370,55632331,35654137,Bahrain,2022,0,1,0,0.07679930727437491,0.05532573690052876,2.6598744313696004e-4,19978194,0.036908426986079414
Individuals,36727,2992711,80822098,631781,Bangladesh,2022,0,1,0,0.02588468423791649,0.30846535583921403,0.003209071062745391,80190317,0.33749279458467574
Corporations,461,327088,21005698,15756597,Bangladesh,2022,0,1,0,0.03393984082692827,0.02088993396591567,4.332869656754013e-4,5249101,0.009697376099213796
Individuals,2691,1082,10992,2770,Barbados,2022,0,1,0,1.1348960373773298e-4,4.19520313786539e-5,2.3512974732071358e-4,8222,3.4603501530929275e-5
Corporations,1659,13553,736133,595183,Barbados,2022,0,1,0,0.001282029126142761,7.320761138302284e-4,0.001559269145456596,140950,2.603960489966157e-4
Individuals,67670,16222,143108,13963,Belgium,2022,0,1,0,5.720777389855472e-4,5.461855264316231e-4,0.005912757339722291,129145,5.435258094395356e-4
Corporations,3861,22559,3051202,594355,Belgium,2022,0,1,0,0.001280245607264624,0.003034386588661316,0.0036288958231512464,2456847,0.00453886663206235
Individuals,10654,8867,49300,12003,Bermuda,2022,1,1,0,4.917746258714834e-4,1.8815821933839495e-4,9.309075912132599e-4,37297,1.5696993390891135e-4
Corporations,14137,290824,8515276,7209166,Bermuda,2022,1,1,0,0.015528603450028149,0.008468347652220199,0.013287153652392946,1306110,0.002412954122419083
Individuals,572641,53296,277686,44535,Brazil,2022,0,1,0,0.0018246424196606277,0.0010598154826612887,0.05003527819973272,233151,9.812504239160413e-4
Corporations,10731,54687,407443,186521,Brazil,2022,0,1,0,4.017677834166532e-4,4.05197549963566e-4,0.010085905485168615,220922,4.0813916946740215e-4
Individuals,1220,989,5907,2323,British Virgin Islands,2022,1,1,0,9.517557743059701e-5,2.25446369499371e-5,1.0659914222641046e-4,3584,1.5083793418493132e-5
Corporations,131333,435385,5544365,3560630,British Virgin Islands,2022,1,1,0,0.007669626597899636,0.005513809573618265,0.12343791119966915,1983735,0.0036648226765257285
Individuals,1941,258,1219,210,Brunei,2022,0,1,0,8.603904976506832e-6,4.652431427454431e-6,1.695974877552973e-4,1009,4.2465255466684064e-6
Corporations,26,29,1267,1163,Brunei,2022,0,1,0,2.50511166095811e-6,1.2600174645382008e-6,2.4437008910109402e-5,104,1.9213330326816624e-7
Individuals,28225,2992,34763,1788,Bulgaria,2022,0,1,0,7.325610522854389e-5,1.3267635251238587e-4,0.0024661973683118323,32975,1.3878015847511467e-4
Corporations,960,2964,92410,43416,Bulgaria,2022,0,1,0,9.351842465361764e-5,9.190072130858338e-5,9.022895597578857e-4,48994,9.051326019538978e-5
Individuals,777228,261420,2656443,86750,Canada,2022,0,1,0,0.003554232174818894,0.010138571696834561,0.06791134271667915,2569693,0.010814932578389473
Corporations,110172,1223769,68592302,24683244,Canada,2022,0,1,0,0.053167912617948676,0.06821428449319539,0.10354900560171434,43909058,0.08111915727820675
Individuals,4376,6413,135187,68373,Cayman Islands,2022,1,1,1,0.002801308547422389,5.159542636450223e-4,3.823588904776821e-4,66814,2.811965885779018e-4
Corporations,208207,3186368,130318591,101613194,Cayman Islands,2022,1,1,1,0.21887566396956035,0.12960039511760915,0.195690627467198,28705397,0.05303137256955875
Individuals,68825,16800,102231,30352,Chile,2022,0,1,0,0.0012435510659377876,3.9017450144388345e-4,0.006013677019453033,71879,3.025133892655881e-4
Corporations,12969,144336,965886,349309,Chile,2022,0,1,0,7.524144876849669e-4,9.605629271925371e-4,0.012189368021354187,616577,0.0011390863050882321
Individuals,509168,56573,1016332,216008,China,2022,0,1,0,0.008850058600787086,0.003878929399120276,0.04448923938453849,800324,0.0033682817756311655
Corporations,5061,197453,9799546,6394303,China,2022,0,1,0,0.013773381779019284,0.009745539940446303,0.004756757772848603,3405243,0.0062909671732769255
Individuals,74283,18039,109096,17515,Colombia,2022,0,1,0,7.176066460167484e-4,4.1637543807183637e-4,0.006490577116397089,91581,3.854321665901282e-4
Corporations,6797,94643,498819,158908,Colombia,2022,0,1,0,3.4228915203743024e-4,4.960699697265042e-4,0.0063883980600774465,339911,6.279636850690929e-4
Individuals,24444,7439,37504,7781,Costa Rica,2022,0,1,0,3.1879516486761747e-4,1.4313764417986133e-4,0.002135827403756047,29723,1.2509363609873643e-4
Corporations,2269,4725,126478,50183,Costa Rica,2022,0,1,0,1.0809459886660434e-4,1.2578096991307225e-4,0.002132598969886086,76295,1.4095009973889177e-4
Individuals,3828,8529,32335,2157,Curacao,2022,0,1,0,8.837439540154875e-5,1.2340965562488844e-4,3.344766528218846e-4,30178,1.2700857081006855e-4
Corporations,2409,6039,67788,36119,Curacao,2022,0,1,0,7.780062603795872e-5,6.741441506402174e-5,0.0022641828640174444,31669,5.850643828076497e-5
Individuals,10466,1809,22165,5480,Cyprus,2022,0,1,0,2.2452094891074973e-4,8.459486676745484e-5,9.144808381488622e-4,16685,7.0221287161707e-5
Corporations,2581,13931,1625892,349439,Cyprus,2022,0,1,0,7.526945087648676e-4,0.0016169315828357888,0.0024258430768073986,1276453,0.0023581647245823137
Individuals,77479,10625,69662,1657,Czech Republic,2022,0,1,0,6.788890736224676e-5,2.658717621815673e-4,0.006769831918491849,68005,2.862090880091031e-4
Corporations,1382,7895,385860,190366,Czech Republic,2022,0,1,0,4.1004994535679415e-4,3.8373349555383596e-4,0.001298921012068123,195494,3.611625768183355e-4
Individuals,30018,10241,131079,1627,Denmark,2022,0,1,0,6.665977807988865e-5,5.00275684232403e-4,0.0026228631568462205,129452,5.448178642887201e-4
Corporations,6859,93808,5475009,1266614,Denmark,2022,0,1,0,0.0027282970776722234,0.005444835799924096,0.006446670927478477,4208395,0.007774738776992639
Individuals,21200,12168377,55186190,9705164,Dominican Republic,2022,0,1,0,0.39763004208292835,0.21062343291014884,0.0018523785370490999,45481026,0.19141361625142717
Corporations,759,904653,19846955,16820989,Dominican Republic,2022,0,1,0,0.03623255003675675,0.019737576888637542,7.133726831835784e-4,3025966,0.005590277338049615
Individuals,23226,9535,51989,15086,Ecuador,2022,0,1,0,6.180881451218194e-4,1.9842104797533093e-4,0.002029403014221811,36903,1.5531172670832925e-4
Corporations,795,834,59568,8824,Ecuador,2022,0,1,0,1.9006969300339094e-5,5.9239716122818895e-5,7.472085416744991e-4,50744,9.374627250999834e-5
Individuals,44956,8927,136791,9389,Egypt,2022,0,1,0,3.8467649440201263e-4,5.220760848178171e-4,0.003928091014697138,127402,5.361901364684324e-4
Corporations,395,849,13771,5140,Egypt,2022,0,1,0,1.107160269761366e-5,1.3695106948820492e-5,3.712545584420467e-4,8631,1.594521673564945e-5
Individuals,24989,18013438,70000514,4888087,El Salvador,2022,0,1,0,0.20026969554713503,0.2671637336107989,0.0021834475123735826,65112427,0.2740352672557797
Corporations,479,4062377,37559529,8598292,El Salvador,2022,0,1,0,0.018520792393398825,0.03735253551683427,4.502048949208617e-4,28961237,0.05350402049559844
Individuals,23885,3726,36272,470,Finland,2022,0,1,0,1.9256358756943864e-5,1.3843559699477204e-4,0.00208698402629329,35802,1.506780055716772e-4
Corporations,3954,38026,2293618,842663,Finland,2022,0,1,0,0.0018151031019414824,0.0022809776929590994,0.0037163051242527913,1450955,0.002680545933110213
Individuals,210329,61732,520887,19094,France,2022,0,1,0,7.822998172448641e-4,0.00198801562670423,0.01837777949617925,501793,0.0021118699639637063
Corporations,15838,80607,49009188,13653967,France,2022,0,1,0,0.02941075834053072,0.04873909455630309,0.01488589796608895,35355221,0.06531649421640423
Individuals,4894,1587,18975,67,Gabon,2022,0,1,0,2.7450553972664656e-6,7.241992316320576e-5,4.2761983775086294e-4,18908,7.957711103707258e-5
Corporations,720,470,299250,8948,Gabon,2022,0,1,0,1.9274066330398255e-5,2.976008099945198e-4,6.767171698184142e-4,290302,5.363142519745692e-4
Individuals,490677,84103,1256905,87583,Germany,2022,0,1,0,0.0035883609978923712,0.00479709952692749,0.04287356336903968,1169322,0.0049212643659875075
Corporations,47342,482873,35986206,8662632,Germany,2022,0,1,0,0.01865938128786662,0.03578788322215421,0.044496033685476895,27323574,0.05047854355492483
Individuals,34429,17218,98709,5093,Greece,2022,0,1,0,2.0866518116832998e-4,3.7673244772157456e-4,0.0030082802194369555,93616,3.9399676469465767e-4
Corporations,709,484,31050,9963,Greece,2022,0,1,0,2.1460384761930915e-5,3.087888103702536e-5,6.663784352795218e-4,21087,3.895687467322905e-5
Individuals,27813,16154,66331,9026,Guatemala,2022,0,1,0,3.698040300854794e-4,2.5315867843681694e-4,0.002430198313723897,57305,2.4117655743491876e-4
Corporations,619,560,49240,7392,Guatemala,2022,0,1,0,1.5922429404817155e-5,4.89686345334341e-5,5.8178878905222e-4,41848,7.731148533813674e-5
Individuals,532,911,7728,3946,Guernsey,2022,0,1,0,1.6167147160617125e-4,2.9494659615560163e-5,4.648421611840194e-5,3782,1.59171056665014e-5
Corporations,11151,198743,2114452,988308,Guernsey,2022,0,1,0,0.002128823641804117,0.002102799090708546,0.01048065716756269,1126144,0.002080478525727171
Individuals,269497,104671,482958,103976,Hong Kong,2022,1,1,0,0.004259998208748926,0.0018432559289093822,0.023547663141467983,378982,0.0015950017291650011
Corporations,8322,127669,5189635,4160399,Hong Kong,2022,1,1,0,0.008961534006137972,0.005161034518215237,0.007821722621151172,1029236,0.0019014472357934073
Individuals,35312,3853,57571,24840,Hungary,2022,0,1,0,0.0010177190457925224,2.1972529098439626e-4,0.003085433533031972,32731,1.377532484321146e-4
Corporations,1314,38429,5506078,4025500,Hungary,2022,0,1,0,0.008670960439541592,0.005475733576250645,0.001235008834918606,1480578,0.0027352725181362986
Individuals,761523,87159,699430,19105,India,2022,0,1,0,7.827504979817288e-4,0.0026694422586582877,0.06653909720137932,680325,0.0028632482582132642
Corporations,6914,124280,12091414,1333140,India,2022,0,1,0,0.002871594634298964,0.0120247772777914,0.006498364600172939,10758274,0.019875218471961806
Individuals,151539,8029,65820,5786,Indonesia,2022,0,1,0,2.3705806759080254e-4,2.512083975020924e-4,0.013240924109711488,60034,2.5266195705519437e-4
Corporations,1178,1561,100459,72201,Indonesia,2022,0,1,0,1.5552155376856105e-4,9.990536264407506e-5,0.0011071844806195721,28258,5.2204835420690786e-5
Individuals,3856,950750,4435337,70610,Iraq,2022,0,1,0,0.002892960620910226,0.016927892740075022,3.369231905123268e-4,4364727,0.018369598324810065
Corporations,30,52203,174383,463,Iraq,2022,0,1,0,9.97305846108001e-7,1.7342196173525263e-4,2.8196548742433928e-5,173920,3.213060010038411e-4
Individuals,151847,16251,191737,6231,Ireland,2022,0,1,0,2.552901519457813e-4,7.317828093567106e-4,0.013267836024306352,185506,7.807294034294048e-4
Corporations,29499,1922034,47910917,25152116,Ireland,2022,0,1,0,0.05417786680083496,0.04764687621313353,0.02772566637843528,22758801,0.042045419370700436
Individuals,140877,40886,432248,169180,Israel,2022,0,1,0,0.006931469732978219,0.0016497163081659744,0.01230931750772953,263068,0.0011071605376719172
Corporations,22772,149405,2134835,1101242,Israel,2022,0,1,0,0.002372084415938806,0.002123069758411531,0.02140306026542351,1033593,0.0019094965127389783
Individuals,156230,32631,482397,33575,Italy,2022,0,1,0,0.0013756005218391282,0.0018411148181376005,0.013650806549206645,448822,0.0018889336857351908
Corporations,9300,183234,3443143,881251,Italy,2022,0,1,0,0.0018982219744892483,0.0034241675713515816,0.008740930110154517,2561892,0.00473293050554124
Individuals,486325,49194,1388850,55526,Japan,2022,0,1,0,0.0022749544177405635,0.005300680383937724,0.04249330151086809,1333324,0.005611491008905953
Corporations,26682,204179,67290487,24155881,Japan,2022,0,1,0,0.05203196833518182,0.06691964389682775,0.025078010451520735,43134606,0.07968840707645061
Individuals,991,1320,246578,242460,Jersey,2022,0,1,0,0.009933822860018317,9.410887912377839e-4,8.658995897243669e-5,4118,1.7331211299485132e-5
Corporations,7573,81048,1816307,1430082,Jersey,2022,0,1,0,0.0030804085075892486,0.0018062971909731536,0.007117748787548404,386225,7.135258178341107e-4
Individuals,18253,1540264,15875342,3079239,Kazakhstan,2022,0,1,0,0.1261594274093044,0.0605897785417451,0.0015948804451300575,12796103,0.05385428968017863
Corporations,287,1994548,22386480,9121681,Kazakhstan,2022,0,1,0,0.019648176647153945,0.02226310636900958,2.6974698296928454e-4,13264799,0.024505862010175655
Individuals,129964,36905,263482,9326,"Korea, Republic of (South)",2022,0,1,0,3.820953229090606e-4,0.0010056045425500806,0.011355779442879679,254156,0.0010696530692161105
Corporations,9700,702066,9421587,2999638,"Korea, Republic of (South)",2022,0,1,0,0.0064612451697790745,0.009369663901867461,0.009116884093386969,6421949,0.01186413725759324
Individuals,12669,4444,27156,7388,Kuwait,2022,0,1,0,3.026935712687261e-4,1.0364350110250412e-4,0.0011069709285790115,19768,8.319654807387618e-5
Corporations,633,4443,145088,55101,Kuwait,2022,0,1,0,1.1868801172007982e-4,1.4428840875684173e-4,5.949471784653559e-4,89987,1.662451880883892e-4
Individuals,12985,2791,23537,1732,Latvia,2022,0,1,0,7.096173056814206e-5,8.98312374963043e-5,0.0011345818539425737,21805,9.176956347384005e-5
Corporations,444,4115,73099,3188,Latvia,2022,0,1,0,6.866978482488784e-6,7.26961457302904e-5,4.173089213880221e-4,69911,1.2915607081519971e-4
Individuals,488,347940,2021277,31266,Liberia,2022,0,1,0,0.0012809985380736316,0.007714399211149146,4.2639656890564184e-5,1990011,0.008375255252379725
Corporations,656,2426989,100525366,25574498,Liberia,2022,0,1,0,0.05508768113753213,0.09997136289589159,6.165645325012218e-4,74950868,0.13846690241977208
Individuals,467,218,1627,708,Liechtenstein,2022,0,1,0,2.9007451063651608e-5,6.209602897841147e-6,4.080475362273253e-5,919,3.867747252119193e-6
Corporations,885,8724,63739,30595,Liechtenstein,2022,0,1,0,6.590188415048443e-5,6.338772941767986e-5,8.317981879018008e-4,33144,6.12314058030779e-5
Individuals,7304,2748,41327,14387,Luxembourg,2022,0,1,0,5.894494328428753e-4,1.577284935212545e-4,6.381968318210673e-4,26940,1.133809695017313e-4
Corporations,36397,2140885,31531772,19983247,Luxembourg,2022,0,1,0,0.043044080037408575,0.03135799795409363,0.03420899281927892,11548525,0.021335156308894227
Individuals,5687,883583,5613552,2211074,Macau,2022,0,1,0,0.09058985996202318,0.0214246642694419,4.969092801980297e-4,3402478,0.014319831267569106
Corporations,75,1280858,23712402,21017297,Macau,2022,0,1,0,0.04527143232718823,0.023581721109826804,7.049137185608481e-5,2695105,0.004979032945236069
Individuals,128424,18344,77202,10183,Malaysia,2022,0,1,0,4.1720744940842416e-4,2.946489016097924e-4,0.011221219869905359,67019,2.8205936135993056e-4
Corporations,1213,15038,292214,51880,Malaysia,2022,0,1,0,1.1174995096346239e-4,2.906035859373053e-4,0.0011400804541524118,240334,4.440015894966487e-4
Individuals,8196,2879,32279,6211,Malta,2022,0,1,0,2.5447073242420925e-4,1.2319592620738438e-4,7.161365325308689e-4,26068,1.0971102869232114e-4
Corporations,1744,31390,402225,287859,Malta,2022,0,1,0,6.200506772241966e-4,4.0000830676707006e-4,0.0016391593668934922,114366,2.1128382078429905e-4
Individuals,147,127,744,200,Marshall Islands,2022,0,1,0,8.194195215720792e-6,2.8395479754110716e-6,1.2844322874821588e-5,544,2.289504358164136e-6
Corporations,2127,11158,290745,32856,Marshall Islands,2022,0,1,0,7.077209693245027e-5,2.8914268171046503e-4,0.0019991353058385654,257889,4.764333216011935e-4
Individuals,2628,573,4107,1704,Mauritius,2022,0,1,0,6.981454323794115e-5,1.5674762815878053e-5,2.296250375172186e-4,2403,1.0113380464464005e-5
Corporations,712,11643,99627,60141,Mauritius,2022,0,1,0,1.2954421358700062e-4,9.907794786073191e-5,6.691980901537652e-4,39486,7.294784243121935e-5
Individuals,533795,274414,1466093,197786,Mexico,2022,0,1,0,0.008103485474682764,0.005595485766013904,0.046641056659628505,1268307,0.005337857360275884
Corporations,11744,143021,7592633,1346235,Mexico,2022,0,1,0,0.0028998013730781955,0.007550789409494138,0.0110380089477048,6246398,0.011539818089112183
Individuals,2313,4452,33015,14015,Monaco,2022,0,1,0,5.742082297416346e-4,1.2600494140886632e-4,2.0210148849974377e-4,19000,7.996430662705622e-5
Corporations,187,818,6267,3469,Monaco,2022,0,1,0,7.4722548167357565e-6,6.232462075975457e-6,1.7575848716117146e-4,2798,5.169124832157011e-6
Individuals,124281,28698,322791,70541,Netherlands,2022,0,1,0,0.0028901336235608024,0.001231963078670585,0.010859219668065998,252250,0.0010616313866671017
Corporations,12201,122663,20143004,5632888,Netherlands,2022,0,1,0,0.012133287543999147,0.02003199433959182,0.011467536373547877,14510116,0.026806504979656455
Individuals,110190,10398,85057,2712,New Zealand,2022,0,1,0,1.1111328712517396e-4,3.2462826901147784e-4,0.009627999575350958,82345,3.4656109627394444e-4
Corporations,3827,17531,366942,63058,New Zealand,2022,0,1,0,1.358274558183117e-4,3.6491975412200194e-4,0.0035969397345764877,303884,5.614061224071484e-4
Individuals,41095,8841,43493,1083,Nigeria,2022,0,1,0,4.437156709312809e-5,1.6599524206257224e-4,0.0035907309424543753,42410,1.7848874968702392e-4
Corporations,424,1706,12395,6567,Nigeria,2022,0,1,0,1.4145372551600954e-5,1.2326690191752958e-5,3.985112222263995e-4,5828,1.0766854725450701e-5
Individuals,37377,14277,97760,3536,Norway,2022,0,1,0,1.448733714139436e-4,3.73110497414229e-4,0.003265865687702085,94224,3.9655562250672346e-4
Corporations,2436,50683,1443183,672915,Norway,2022,0,1,0,0.0014494644998569448,0.0014352295063335707,0.002289559757885635,770268,0.0014230205311708064
Individuals,4491,495,3368,1301,Oman,2022,0,1,0,5.330323987826376e-5,1.28542978241727e-5,3.924071702777126e-4,2067,8.699274831480274e-6
Corporations,79,6849,41261,6615,Oman,2022,0,1,0,1.4248764950333533e-5,4.1033607422502527e-05,7.425091168840934e-5,34646,6.400625408681623e-5
Individuals,18310,7790,42679,13785,Panama,2022,0,1,0,5.647849052435556e-4,1.6288853231528108e-4,0.0015998608968570292,28894,1.2160466714116644e-4
Corporations,34780,75859,809503,458037,Panama,2022,0,1,0,9.866155028807136e-4,8.050417660584587e-4,0.03268919884206173,351466,6.493108035235511e-4
Individuals,4048,2251,49617,4543,Paraguay,2022,0,1,0,1.8613114432509782e-4,1.8936808050533757e-4,3.536994489610734e-4,45074,1.8970058720568065e-4
Corporations,297,562,10506,7808,Paraguay,2022,0,1,0,1.6818496860499505e-5,1.0448100617551963e-5,2.791458325500959e-4,2698,4.9843812713222355e-6
Individuals,49428,11553,73494,23779,Peru,2022,0,1,0,9.742488401731237e-4,2.804969608936308e-4,0.004318838034399194,49715,2.0923292126126842e-4
Corporations,2011,32536,238603,119255,Peru,2022,0,1,0,2.568762606427854e-4,2.3728804032455272e-4,0.0018901086507011541,119348,2.2048774498508754e-4
Individuals,114764,32028,160956,6704,Philippines,2022,0,1,0,2.74669423630961e-4,6.143041450675597e-4,0.01002765898235391,154252,6.491923276756145e-4
Corporations,980,13346,193875,69479,Philippines,2022,0,1,0,1.4965834315710107e-4,1.928065398084796e-4,9.210872589195082e-4,124396,2.29813599936027e-4
Individuals,102289,36146,183138,3852,Poland,2022,0,1,0,1.5782019985478247e-4,6.98963893979614e-4,0.00893763906491582,179286,7.54551614628337e-4
Corporations,2170,26205,538830,233636,Poland,2022,0,1,0,5.032538847976003e-4,5.358604659961474e-4,0.002039550359036054,305194,5.63826263054084e-4
Individuals,41518,13124,93234,13774,Portugal,2022,0,1,0,5.64334224506691e-4,3.5583658056381165e-4,0.00362769113684927,79460,3.344191476097835e-4
Corporations,1014,5776,127431,20184,Portugal,2022,0,1,0,4.347650366704944e-5,1.267287178560122e-4,9.530433474942667e-4,107247,1.981319266884714e-4
Individuals,2715,3063,28928,341,Puerto Rico,2022,0,1,0,1.3971102842803952e-5,1.1040651052781113e-4,2.372267796268069e-4,28587,1.2031261229198191e-4
Corporations,15092,27451,1126275,913109,Puerto Rico,2022,0,1,0,0.0019668443711313836,0.001120068010949299,0.014184743787360427,213166,3.93810458889057e-4
Individuals,9596,1874,11160,3456,Qatar,2022,0,1,0,1.415956933276553e-4,4.2593219631166075e-5,8.384634170529793e-4,7704,3.242342201341269e-5
Corporations,184,4522,29117,17363,Qatar,2022,0,1,0,3.74000462332035e-5,2.895653395024372e-5,1.7293883228692807e-4,11754,2.1714758140519482e-5
Individuals,56577,3329,31616,4284,Romania,2022,0,1,0,1.7551966152073938e-4,1.2066552256800597e-4,0.004943491532576742,27332,1.1503075940687898e-4
Corporations,1382,4969,80326,25994,Romania,2022,0,1,0,5.599129193030535e-5,7.988331717166181e-5,0.001298921012068123,54332,1.0037487147275008e-4
Individuals,1280938,18164,288481,34628,Russia,2022,0,1,0,0.0014187429596498981,0.0011010156444819373,0.11192368200427358,253853,0.0010683778489577948
Corporations,1639,4112,178141,18196,Russia,2022,0,1,0,3.919433515287513e-5,1.7715925110520887e-4,0.0015404714462949735,159945,2.954880883771812e-4
Individuals,108717,9875,69839,29520,Saudi Arabia,2022,0,1,0,0.001209463213840389,2.665472998047498e-4,0.00949929421756448,40319,1.6968846731033052e-4
Corporations,676,23187,184596,93977,Saudi Arabia,2022,0,1,0,2.0242723866024104e-4,1.8357867709857436e-4,6.353622316628445e-4,90619,1.6741276739286497e-4
Individuals,2203,807,3593,198,Senegal,2022,0,1,0,8.112253263563585e-6,1.3713032090930081e-5,1.924900904301494e-4,3395,1.4288358999939783e-5
Corporations,105,3611,170286,1337,Senegal,2022,0,1,0,2.8799091063637087e-6,1.6934754062064092e-4,9.868792059851875e-5,168949,3.121223985947444e-4
Individuals,350837,100303,452351,88819,Singapore,2022,0,1,0,0.0036390011243255253,0.0017264413524531905,0.030654855132202594,363532,0.0015299781219340527
Corporations,7915,238988,4834224,2432003,Singapore,2022,0,1,0,0.005238554664475587,0.004807582215856132,0.007439189443212151,2402221,0.004437948614520746
Individuals,23487,2583,17594,915,Slovakia,2022,0,1,0,3.748844311192263e-5,6.714920306368601e-5,0.002052208240550576,16679,7.019603527540372e-5
Corporations,706,3387,83188,18321,Slovakia,2022,0,1,0,3.9463586191241216e-5,8.27295444672485e-5,6.635587804052783e-4,64867,1.1983760560669366e-4
Individuals,50128,11007,88285,8706,South Africa,2022,0,1,0,3.566933177403261e-4,3.3694824329189043e-4,0.004380001476660249,79579,3.3491997668813194e-4
Corporations,7260,18508,343979,71228,South Africa,2022,0,1,0,1.534257036859194e-4,3.420833049995152e-4,0.00682356479566901,272751,5.038899096124578e-4
Individuals,195403,33064,347102,23441,Spain,2022,0,1,0,9.604006502585556e-4,0.0013247483620445347,0.01707360015448138,323661,0.0013621751288010338
Corporations,13330,52060,7325993,1394832,Spain,2022,0,1,0,0.003004479714770011,0.007285618883255412,0.012528666491221474,5931161,0.010957438030243464
Individuals,557,486,5619,2951,St Kitts & Nevis,2022,0,1,0,1.209053504079603e-4,2.144545708848765e-5,4.866862477058248e-5,2668,1.1228672109525578e-5
Corporations,12066,15694,142853,71223,St Kitts & Nevis,2022,0,1,0,1.5341493364438478e-4,1.4206572601552927e-4,0.011340651904206925,71630,1.323318126259495e-4
Individuals,48042,15019,240187,86594,Sweden,2022,0,1,0,0.003547840702550632,9.166969214651332e-4,0.004197734418722304,153593,6.464188288299709e-4
Corporations,5953,109935,7802687,1572317,Sweden,2022,0,1,0,0.003386783879125256,0.007759685785576306,0.005595135155456972,6230370,0.011510207391181585
Individuals,123470,57727,522940,79720,Switzerland,2022,0,1,0,0.003266206212986308,0.001995851099813798,0.010788357451389261,443220,0.001865356841223361
Corporations,14837,196616,30153555,10458680,Switzerland,2022,0,1,0,0.022528083599509346,0.029987376415085386,0.01394507312304974,19694875,0.03638501337695794
Individuals,501655,67176,362276,100682,Taiwan,2022,0,1,0,0.0041250398135460045,0.0013826614009946525,0.0438327808963852,261594,0.0011009569909367445
Corporations,6652,270631,13423490,11280455,Taiwan,2022,0,1,0,0.0242981937759357,0.013349512103436378,0.006252114741155682,2143035,0.003959119168935526
Individuals,82089,14687,112753,10014,Thailand,2022,0,1,0,4.102833544511401e-4,4.303327323541997e-4,0.007172636873953941,102739,4.323922578187963e-4
Corporations,1628,25817,291419,189868,Thailand,2022,0,1,0,4.0897724921994366e-4,2.8981296724408677e-4,0.001530132711756081,101551,1.8760893346332259e-4
Individuals,11183,4349,24717,3233,Trinidad and Tobago,2022,0,1,0,1.3245916566212662e-4,9.433482165085411e-5,9.771296782934002e-4,21484,9.041858755661451e-5
Corporations,1165,6933,105610,76438,Trinidad and Tobago,2022,0,1,0,1.6464808696501807e-4,1.0502797508277773e-4,0.0010949659761645175,29172,5.389339156672063e-5
Individuals,83462,12234,100145,6532,Turkey,2022,0,1,0,2.676224157454411e-4,3.8221308064185724e-4,0.007292604597131697,93613,3.93984138751506e-4
Corporations,2391,10131,141921,53170,Turkey,2022,0,1,0,1.1452862167940045e-4,1.4113886233995738e-4,0.002247264934771984,88751,1.6396175767647138e-4
Individuals,82797,56570,221809,23271,United Arab Emirates,2022,0,1,0,9.534355843251928e-4,8.465555065563903e-4,0.007234499326983695,198538,8.35576500480131e-4
Corporations,3051,30601,387041,186859,United Arab Emirates,2022,0,1,0,4.024958382243951e-4,3.8490798697105743e-4,0.0028675890071055304,200182,3.698233549502698e-4
Individuals,858668,263283,2877151,305781,United Kingdom,2022,0,1,0,0.012528146036291599,0.010980925130378951,0.07502727234202247,2571370,0.01082199048061124
Corporations,62765,574527,98461628,32128552,United Kingdom,2022,0,1,0,0.06920516789759158,0.09791899831638794,0.05899187939396218,66333076,0.1225460866136377
Individuals,25359,8862,78920,40918,Uruguay,2022,0,1,0,0.001676450399184317,3.012058148110777e-4,0.0022157767604258547,38002,1.5993703054954686e-4
Corporations,4274,9637,140161,89713,Uruguay,2022,0,1,0,1.9324254723949695e-4,1.3938856183673146e-4,0.0040170683108387535,50448,9.31994315699274e-5
Individuals,91262,12955,229360,91434,Venezuela,2022,0,1,0,0.003746140226771075,8.75374628548768e-4,0.007974140096612025,137926,5.804819450443871e-4
Corporations,2601,4123,88851,78915,Venezuela,2022,0,1,0,1.6998356554128054e-4,8.836133523416233e-5,0.0024446407759690213,9936,1.8356120204543268e-5
Individuals,43449,16925,68003,3443,Vietnam,2022,0,1,0,1.4106307063863345e-4,2.5954002818800954e-4,0.003796414861143695,64560,2.717102966233026e-4
Corporations,628,7281,86865,6218,Vietnam,2022,0,1,0,1.3393623652482828e-5,8.638628023449945e-5,5.902477536749502e-4,80647,1.489901395064212e-4
